ESP_018914_2260_COLOR,7
PSP_010257_2205_RED,196
PSP_004897_1245_COLOR,744
ESP_039888_1415_COLOR,"1042,1043"
ESP_016970_1410_RED,"1076,1077"
PSP_007795_2175_COLOR,659
ESP_016706_1380_RED,"999,1000,1277,1278"
PSP_004019_1420_COLOR,900
PSP_003270_1405_COLOR,1075
ESP_018989_2245_RED,"496,497"
ESP_057756_1420_COLOR,1095
ESP_056664_2165_COLOR,727
PSP_002098_2220_RED,"501,512"
PSP_004273_1535_RED,1124
ESP_045152_1325_RED,1196
ESP_017798_2160_COLOR,159
ESP_037279_2225_COLOR,666
ESP_058916_1370_COLOR,1287
ESP_045226_2160_RED,159
ESP_057859_1340_RED,"902,903"
ESP_035841_2190_COLOR,491
ESP_040813_2255_RED,"528,529,530,536"
ESP_048026_1400_COLOR,1144
PSP_006902_1275_RED,798
ESP_051322_2210_RED,"466,467"
ESP_049142_2155_COLOR,142
PSP_006744_2295_COLOR,23
PSP_001390_2290_RED,15
ESP_016271_1475_COLOR,1058
ESP_058461_1300_RED,809
ESP_054728_1370_RED,772
ESP_049542_2220_COLOR,501
PSP_003916_1390_COLOR,1031
ESP_057806_2155_RED,147
ESP_037612_1400_COLOR,776
ESP_037758_1385_COLOR,824
ESP_022036_2140_COLOR,707
ESP_027494_2215_RED,"423,424,425"
ESP_037335_1330_RED,770
ESP_041299_1390_COLOR,"1033,1034,1035"
ESP_038408_1450_RED,899
ESP_028468_1455_COLOR,943
ESP_011919_1400_COLOR,939
ESP_049502_2230_RED,356
ESP_046853_2200_COLOR,672
ESP_023033_1420_RED,900
ESP_016418_2255_COLOR,541
ESP_056509_2220_COLOR,18
ESP_056905_2180_COLOR,53
ESP_045323_2200_COLOR,"579,580"
ESP_051955_2250_RED,486
PSP_010854_1325_COLOR,1196
ESP_051177_2230_RED,481
ESP_011398_1275_COLOR,798
ESP_023497_1395_COLOR,1031
ESP_058874_2160_RED,159
ESP_029457_1455_COLOR,"942,943"
ESP_031910_1420_COLOR,"1082,1083,1084"
ESP_032382_2155_COLOR,142
PSP_002782_1405_RED,1048
ESP_057797_2220_COLOR,"461,462"
ESP_037648_1435_RED,1163
ESP_027337_2145_COLOR,707
ESP_046127_2220_RED,517
ESP_027134_1420_COLOR,900
ESP_032506_2150_RED,698
ESP_024334_2300_COLOR,23
ESP_017148_2205_RED,70
ESP_054774_1395_COLOR,"920,921"
ESP_044716_2220_RED,517
ESP_049208_2165_RED,143
ESP_026545_2255_RED,"543,544,545,546"
ESP_058140_2225_COLOR,489
PSP_003842_1245_RED,744
ESP_044874_2205_RED,419
PSP_003349_1475_RED,1058
ESP_045936_2145_RED,108
ESP_024040_1450_COLOR,1188
PSP_001608_1375_RED,"984,998"
ESP_034972_2175_COLOR,716
ESP_034228_2150_RED,142
ESP_017455_2115_RED,125
ESP_018866_2160_RED,143
ESP_053577_2210_COLOR,521
ESP_024040_1450_RED,1188
PSP_003694_2205_COLOR,601
PSP_001938_1405_RED,1048
ESP_056074_2205_COLOR,64
ESP_024732_1360_RED,876
ESP_056647_2195_RED,198
ESP_024476_1325_RED,1227
PSP_008320_1410_COLOR,"1071,1072,1073,1294"
ESP_047380_2220_COLOR,"570,571"
PSP_008784_2140_COLOR,707
PSP_005843_2260_RED,525
ESP_059006_2170_RED,165
ESP_057340_1300_COLOR,809
ESP_034972_2175_RED,716
PSP_010758_1395_COLOR,"919,920,921"
ESP_019490_2210_RED,463
PSP_006159_2205_COLOR,366
ESP_037357_2120_COLOR,310
ESP_036514_2210_RED,"566,567,577,578"
ESP_051797_2260_RED,534
PSP_009583_2165_COLOR,"161,172,173"
PSP_003692_1415_RED,1083
ESP_016247_2270_COLOR,644
ESP_047632_2185_COLOR,"1,2"
ESP_050004_2170_COLOR,"592,593"
ESP_054841_1405_RED,"1047,1048"
ESP_036884_2175_RED,716
ESP_018914_2260_RED,7
ESP_052035_1325_COLOR,1196
PSP_001426_2200_RED,672
ESP_060430_2170_RED,"161,162"
ESP_014294_1240_RED,1121
ESP_057020_2180_COLOR,715
ESP_024950_1325_RED,1196
ESP_034708_2145_COLOR,707
ESP_025224_1440_RED,"968,969,970"
ESP_057402_2250_RED,"626,627"
ESP_016642_2215_RED,498
ESP_026782_2245_RED,"477,478,479"
ESP_024448_2205_COLOR,448
ESP_023642_1435_RED,1063
ESP_017148_2205_COLOR,70
PSP_004845_1275_COLOR,797
ESP_045085_2205_RED,"419,420"
ESP_017741_2255_COLOR,42
ESP_046580_2255_COLOR,43
ESP_041129_2210_RED,"406,407,410,411,412,413"
ESP_037836_1405_COLOR,764
ESP_049779_2215_RED,"360,361,362,364"
ESP_025501_1450_COLOR,983
PSP_005670_1415_RED,"1083,1084"
ESP_011985_1400_COLOR,939
ESP_034819_2175_COLOR,86
ESP_051177_2230_COLOR,481
ESP_049621_2210_COLOR,464
ESP_034819_2175_RED,86
ESP_018831_2255_RED,527
ESP_017169_2235_RED,369
ESP_060934_1420_COLOR,"1095,1096,1097"
ESP_049331_2215_RED,488
ESP_056933_2175_COLOR,86
ESP_050483_2240_COLOR,54
ESP_057600_2245_COLOR,661
ESP_026017_2230_COLOR,"381,382"
ESP_037292_2175_RED,595
PSP_005843_2260_COLOR,525
ESP_037444_1430_RED,885
ESP_050999_1340_RED,864
ESP_020530_1370_RED,"1007,1288"
ESP_046786_2220_COLOR,397
PSP_008753_2145_COLOR,192
ESP_049886_2175_COLOR,720
PSP_005882_2140_COLOR,"330,331"
ESP_016675_1410_COLOR,870
ESP_057032_1470_COLOR,1130
PSP_005696_1380_COLOR,"999,1278,1279,1280"
ESP_055212_2195_RED,514
ESP_012917_1365_RED,876
ESP_052147_1435_RED,885
ESP_054025_2225_RED,429
ESP_014335_1450_RED,"1172,1173,1174,1175,1176"
ESP_045560_2230_RED,502
ESP_050213_1415_RED,1084
ESP_048833_1410_RED,735
ESP_013541_1415_RED,"944,945,946,948"
ESP_057600_2245_RED,661
ESP_025873_2230_COLOR,666
ESP_014058_1450_COLOR,1176
ESP_023605_2205_RED,674
ESP_057797_2220_RED,"461,462"
ESP_057463_2140_COLOR,146
ESP_024461_2210_RED,364
ESP_049199_2210_RED,"465,466,467"
ESP_057449_1370_COLOR,893
ESP_052535_2225_RED,429
ESP_025614_2185_RED,79
ESP_048290_1450_COLOR,"1174,1176"
ESP_049720_2190_RED,95
ESP_028561_1410_COLOR,1103
ESP_059453_1335_COLOR,891
ESP_058140_2225_RED,489
PSP_008320_1410_RED,"1071,1072,1073,1074,1294"
ESP_027639_2210_RED,"373,375"
ESP_025501_1450_RED,983
ESP_013333_2120_RED,680
ESP_035565_1325_RED,1196
ESP_020822_2220_RED,501
ESP_056074_2205_RED,64
ESP_037357_2120_RED,310
ESP_060314_1470_RED,1058
PSP_004813_1450_RED,1106
ESP_016612_1345_COLOR,910
ESP_024380_1420_COLOR,936
ESP_043837_2285_RED,"30,33"
ESP_043648_2255_RED,"540,541"
ESP_037129_2145_COLOR,146
ESP_018857_2225_COLOR,429
ESP_051175_1430_COLOR,"978,1274"
ESP_029009_1400_RED,"1051,1052,1053"
ESP_054887_2260_COLOR,45
ESP_036921_1445_COLOR,"1107,1298,1299"
ESP_058636_2140_RED,116
ESP_036563_2190_RED,193
ESP_029035_1455_RED,"942,943"
ESP_049555_2225_COLOR,"434,435,438"
ESP_013254_1480_COLOR,1213
ESP_027508_2245_COLOR,"626,627,628"
PSP_001570_2215_COLOR,"363,364"
ESP_045936_2145_COLOR,108
ESP_055686_2145_RED,283
ESP_055822_1350_RED,743
ESP_056201_2235_RED,"457,459"
ESP_058531_2135_RED,123
ESP_037542_2210_COLOR,463
PSP_004273_1535_COLOR,1124
ESP_035078_2185_RED,"1,2"
ESP_055925_1480_RED,"1205,1206"
ESP_057756_1420_RED,"1093,1094,1095"
ESP_043224_1380_RED,"1018,1025"
PSP_001834_2215_COLOR,"363,364"
ESP_053458_2225_RED,"429,433"
ESP_036549_1420_RED,900
PSP_003245_2205_COLOR,365
ESP_049371_2175_RED,"593,594,596"
ESP_058916_1370_RED,"1287,1288"
ESP_050999_1340_COLOR,864
ESP_045098_2175_RED,346
ESP_024476_1325_COLOR,1227
ESP_049085_1300_RED,809
ESP_023523_1440_RED,"958,959,960,961,962,964,965"
ESP_023039_1415_RED,1260
ESP_054887_2260_RED,45
ESP_018431_2270_RED,168
PSP_004285_1375_RED,"1279,1280"
ESP_016264_2405_RED,"19,20"
PSP_010276_1410_RED,735
ESP_048145_1450_RED,"1184,1185"
ESP_026013_2160_COLOR,"156,159"
ESP_039802_1300_RED,809
ESP_017024_2230_RED,"354,355"
ESP_022639_1385_RED,929
PSP_001426_2200_COLOR,672
ESP_019503_2210_COLOR,408
ESP_047700_1375_COLOR,780
ESP_057449_1370_RED,"893,894"
ESP_030016_1415_COLOR,735
ESP_037335_1330_COLOR,770
ESP_029009_1400_COLOR,1051
ESP_027956_2255_COLOR,527
ESP_016537_2210_COLOR,607
ESP_034149_2170_RED,173
ESP_018936_2210_RED,"406,412"
ESP_023642_1435_COLOR,1063
ESP_042238_2170_COLOR,"717,718"
ESP_039802_1300_COLOR,809
ESP_049977_2265_COLOR,"444,446"
ESP_028181_2140_COLOR,708
ESP_024380_1420_RED,"936,937"
ESP_041222_2210_RED,"614,615"
ESP_018831_2255_COLOR,527
ESP_052179_2215_COLOR,427
ESP_016408_1435_COLOR,747
ESP_048845_2185_RED,"1,2"
ESP_034228_2150_COLOR,142
ESP_013160_2135_RED,272
ESP_013531_2140_RED,707
ESP_057722_1375_COLOR,"780,781"
ESP_043964_2210_RED,"408,409,414"
ESP_054973_1405_RED,"1066,1067"
PSP_008312_1415_RED,757
ESP_053577_2210_RED,521
ESP_032978_1390_COLOR,1054
ESP_048222_1445_COLOR,"1108,1109"
ESP_048066_2170_RED,670
ESP_024486_1435_COLOR,1064
ESP_049858_2275_RED,323
PSP_005895_2115_RED,312
ESP_052655_2175_RED,715
ESP_055551_1405_COLOR,906
ESP_055355_1345_COLOR,979
ESP_016416_1475_COLOR,"1057,1058"
ESP_019358_2225_RED,429
ESP_059338_1370_COLOR,1287
ESP_022801_2140_COLOR,707
PSP_006252_2220_RED,"569,570,571"
ESP_035828_2255_COLOR,"547,548"
ESP_057335_2155_COLOR,"324,326"
ESP_047585_1335_COLOR,888
ESP_041367_2275_COLOR,"582,583"
ESP_028723_1420_RED,728
PSP_004019_1420_RED,900
ESP_051849_1520_COLOR,1125
PSP_004085_1420_RED,900
PSP_008308_2160_RED,"334,338,339,340,341"
ESP_048248_1380_RED,"1018,1024"
ESP_023523_1440_COLOR,"958,959,960,964,965"
ESP_020794_1420_COLOR,"1083,1084"
ESP_020741_1445_RED,"1029,1030"
ESP_049542_2220_RED,501
ESP_016640_1380_RED,"999,1000,1277,1278"
ESP_043641_2175_COLOR,86
PSP_003217_1355_RED,1289
ESP_057727_1420_COLOR,900
ESP_056905_2180_RED,53
ESP_036562_2180_COLOR,150
ESP_059006_2170_COLOR,165
ESP_013304_1405_RED,"1047,1048,1049"
ESP_037129_2145_RED,146
ESP_046740_2175_RED,86
ESP_048271_1370_COLOR,"893,894"
PSP_008639_2135_COLOR,708
ESP_016233_2295_COLOR,"469,470,471"
ESP_055212_2195_COLOR,514
ESP_029462_1385_RED,732
ESP_044874_2205_COLOR,419
ESP_041971_1415_RED,"947,949,950,951,952,1271,1272"
ESP_050465_2240_RED,"492,493"
ESP_018725_2215_RED,"363,364"
ESP_046219_2225_COLOR,426
ESP_047938_2265_COLOR,"31,32"
ESP_026915_2145_COLOR,707
ESP_031161_2140_COLOR,707
ESP_057380_2200_RED,73
ESP_035078_2185_COLOR,"1,2"
PSP_006199_2205_COLOR,521
ESP_037586_1290_COLOR,807
ESP_056127_2190_COLOR,"76,77,78"
ESP_016408_1435_RED,"747,748"
PSP_003482_2115_RED,312
ESP_045606_2175_COLOR,86
ESP_036562_2180_RED,150
ESP_043837_2285_COLOR,"30,33"
ESP_058636_2140_COLOR,116
ESP_059498_2235_RED,457
ESP_011811_1395_RED,898
ESP_029246_1345_COLOR,"979,980"
ESP_027337_2145_RED,707
ESP_035630_2250_RED,"485,486,487"
ESP_056623_2210_RED,"421,422"
ESP_058467_2195_COLOR,200
ESP_019897_1370_COLOR,"1007,1288"
ESP_052655_2175_COLOR,715
ESP_045507_2200_RED,"401,402,403,404"
ESP_035618_2175_COLOR,716
PSP_005882_2140_RED,"328,329,330,331,332"
ESP_041299_1390_RED,"1033,1034,1035,1036"
PSP_005459_1405_COLOR,"1098,1297"
ESP_050262_2190_COLOR,115
ESP_057727_1420_RED,900
ESP_022036_2140_RED,707
ESP_059681_1405_RED,1048
ESP_030016_1415_RED,735
ESP_059242_1335_RED,891
ESP_037553_1405_RED,"934,935"
ESP_017314_2230_COLOR,"354,355"
ESP_054526_2220_RED,"396,397"
ESP_031161_2140_RED,707
PSP_010419_2140_RED,707
ESP_025557_2175_RED,724
ESP_028969_1405_COLOR,938
PSP_008256_1400_COLOR,1144
ESP_048248_1380_COLOR,1018
ESP_023497_1395_RED,1031
PSP_008954_2155_RED,324
ESP_053326_2215_COLOR,"360,361,362,364"
ESP_026782_2245_COLOR,478
PSP_003694_2205_RED,"601,605"
ESP_016221_2175_RED,"715,716"
ESP_059296_2160_COLOR,159
ESP_037343_1445_RED,"1107,1108,1298,1299"
ESP_050213_1415_COLOR,1084
PSP_006134_2145_COLOR,"707,709,710"
ESP_048026_1400_RED,1144
ESP_060934_1420_RED,"1095,1096,1097"
ESP_023921_1340_RED,1139
ESP_059296_2160_RED,159
PSP_006252_2220_COLOR,569
PSP_005319_1245_RED,744
ESP_043641_2175_RED,86
ESP_050175_2220_RED,501
ESP_026501_1420_RED,900
ESP_056082_2185_RED,344
ESP_058847_2145_RED,"120,121"
ESP_050096_2210_RED,498
ESP_051955_2250_COLOR,486
PSP_008190_2255_RED,544
ESP_025291_2100_RED,204
PSP_009811_2155_RED,326
ESP_026875_2215_RED,614
PSP_005696_1380_RED,"999,1000,1277,1278,1279,1280"
ESP_043560_2220_RED,18
ESP_029344_1415_RED,757
ESP_057178_1480_RED,"1205,1206"
ESP_023351_1395_COLOR,922
ESP_049344_2225_COLOR,430
ESP_058729_2170_COLOR,165
ESP_023787_1390_RED,"1031,1032,1034"
ESP_017232_1405_RED,911
ESP_047938_2265_RED,"31,32"
PSP_004845_1275_RED,797
ESP_043560_2220_COLOR,18
ESP_027331_2140_COLOR,122
ESP_019069_2200_COLOR,672
ESP_016403_1410_COLOR,"1074,1293"
ESP_046127_2220_COLOR,517
ESP_029035_1455_COLOR,"942,943"
ESP_017249_2240_COLOR,611
ESP_048222_1445_RED,"1107,1108,1109,1298"
ESP_025963_1410_RED,"1071,1072,1073,1294"
ESP_037553_1405_COLOR,"934,935"
ESP_013254_1480_RED,"1212,1213"
ESP_013884_1400_RED,1003
ESP_049858_2275_COLOR,323
ESP_048006_1370_RED,872
PSP_003112_1445_COLOR,"1107,1298,1299"
ESP_055990_2245_RED,"475,476"
ESP_044410_2195_COLOR,"199,200"
ESP_013673_1380_RED,"999,1000,1277,1278"
ESP_027531_1395_RED,"919,920,921"
ESP_057757_1520_COLOR,1125
ESP_052179_2215_RED,427
ESP_011669_1390_COLOR,1054
ESP_017249_2240_RED,611
ESP_043964_2210_COLOR,"408,409"
ESP_025224_1440_COLOR,"969,970"
PSP_001834_2215_RED,"363,364"
ESP_023552_2245_RED,629
ESP_029765_1405_COLOR,730
ESP_028482_1445_RED,"1107,1108,1298,1299"
ESP_049628_2160_COLOR,"106,107"
PSP_007530_2120_RED,311
ESP_049886_2175_RED,720
ESP_057722_1375_RED,"780,781"
PSP_010276_1410_COLOR,735
ESP_016673_2255_COLOR,42
ESP_049476_2235_RED,"483,484"
ESP_012238_1315_COLOR,1140
ESP_020860_1420_RED,"1082,1083,1084"
ESP_032978_1390_RED,1054
ESP_037595_2255_RED,"527,534"
ESP_046220_2235_COLOR,671
ESP_030056_1420_RED,756
ESP_021758_1505_COLOR,1127
ESP_028421_1415_COLOR,757
ESP_018989_2245_COLOR,497
ESP_023787_1390_COLOR,"1032,1034"
ESP_024410_1325_RED,1227
ESP_049226_2175_COLOR,"592,593"
ESP_023365_1445_RED,"1029,1030"
PSP_004009_1355_RED,"1119,1120"
ESP_049208_2165_COLOR,143
ESP_049766_2210_RED,464
ESP_037444_1430_COLOR,885
ESP_050281_2245_COLOR,628
ESP_020756_2220_RED,501
ESP_026137_2145_COLOR,707
ESP_016264_2405_COLOR,"19,20"
ESP_022494_1385_RED,929
PSP_001964_1415_COLOR,"946,948"
ESP_056954_2200_COLOR,719
ESP_013919_1410_COLOR,"869,870"
ESP_025305_2225_RED,"436,437"
ESP_037401_1330_RED,770
ESP_028985_2245_RED,628
PSP_001656_2175_RED,86
ESP_021901_1395_RED,941
PSP_010854_1325_RED,1196
PSP_006672_1420_COLOR,"1082,1083,1084"
ESP_045737_1380_COLOR,853
PSP_009583_2165_RED,"161,162,172,173"
ESP_043648_2255_COLOR,541
PSP_005459_1405_RED,"1098,1297"
ESP_055098_2265_COLOR,47
ESP_056623_2210_COLOR,"421,422"
ESP_049720_2190_COLOR,95
ESP_049639_2265_RED,31
ESP_052120_1410_COLOR,870
ESP_025582_2225_RED,"436,437"
ESP_024884_2215_COLOR,657
ESP_028352_2245_RED,629
PSP_003711_1275_RED,798
PSP_008888_2160_RED,"334,338,339,340,341"
PSP_006159_2205_RED,366
PSP_006807_1395_RED,1242
ESP_037364_1340_COLOR,864
ESP_017265_1345_RED,743
ESP_022745_1415_COLOR,"949,950,951,952,1271,1272"
ESP_029462_1385_COLOR,732
ESP_019897_1370_RED,"1007,1288"
ESP_054803_2220_COLOR,437
PSP_002320_1415_RED,"949,950,951,952,1271,1272"
ESP_048658_1520_COLOR,1125
ESP_046580_2255_RED,"43,45"
ESP_037814_2140_COLOR,117
ESP_052074_1445_RED,1142
ESP_011919_1400_RED,939
ESP_043771_2225_COLOR,18
PSP_002098_2220_COLOR,"501,512"
ESP_020676_2110_COLOR,246
ESP_056096_2200_RED,"580,581,588"
ESP_050004_2170_RED,"592,593"
ESP_045999_1400_COLOR,776
ESP_042452_1290_RED,794
ESP_023655_1445_COLOR,"1029,1030"
ESP_019635_2205_RED,"448,449"
ESP_048066_2170_COLOR,670
PSP_002632_2175_COLOR,86
ESP_040787_2210_RED,"614,615"
ESP_047700_1375_RED,780
ESP_057505_1370_RED,1282
ESP_058874_2160_COLOR,159
PSP_007435_1360_RED,912
PSP_006744_2295_RED,23
ESP_033964_1410_COLOR,897
ESP_053458_2225_COLOR,"429,433"
PSP_003270_1405_RED,1075
ESP_024486_1435_RED,1064
ESP_042844_2270_RED,636
ESP_024050_1385_RED,931
ESP_049226_2175_RED,"592,593,594"
ESP_033901_1390_COLOR,1054
ESP_054480_2180_COLOR,93
ESP_017363_1420_COLOR,900
ESP_014335_1450_COLOR,"1175,1176"
ESP_046061_2190_COLOR,491
ESP_045226_2160_COLOR,159
ESP_039179_1430_COLOR,1224
ESP_025305_2225_COLOR,"436,437"
ESP_057149_1380_COLOR,"1018,1025"
ESP_028181_2140_RED,708
ESP_013727_1530_COLOR,1124
ESP_023605_2205_COLOR,674
PSP_009588_2175_RED,659
ESP_060197_2220_COLOR,501
ESP_056751_1340_COLOR,"901,902"
ESP_049437_2210_RED,"614,615"
ESP_016612_1345_RED,910
ESP_056838_1410_COLOR,"762,763"
ESP_033964_1410_RED,897
ESP_056751_1340_RED,"901,902,903"
ESP_055924_2210_RED,463
ESP_020055_1410_RED,944
PSP_007232_2260_COLOR,43
ESP_028402_1455_RED,943
ESP_033599_2160_RED,341
ESP_017455_2115_COLOR,125
ESP_037542_2210_RED,463
ESP_043147_2275_RED,"582,583"
ESP_052021_2210_RED,513
PSP_001330_1395_COLOR,"920,921"
ESP_057655_1390_COLOR,733
PSP_002902_2205_RED,365
ESP_046219_2225_RED,426
ESP_016739_2240_RED,"57,58"
ESP_048789_1445_RED,"1108,1109,1298"
ESP_013531_2140_COLOR,707
ESP_013877_1270_COLOR,"1264,1265"
ESP_046032_1390_RED,923
PSP_005762_1405_COLOR,"1047,1048,1049"
ESP_051758_2175_RED,659
ESP_029576_1350_RED,1014
PSP_007884_2195_COLOR,198
ESP_016537_2210_RED,607
TRA_000844_2145_COLOR,314
ESP_016739_2240_COLOR,"57,58"
ESP_035565_1325_COLOR,1196
ESP_051849_1520_RED,1125
ESP_013541_1415_COLOR,"944,945,946,948"
ESP_036905_1420_RED,900
ESP_045507_2200_COLOR,"401,402,403,404"
ESP_054728_1370_COLOR,772
ESP_046106_1390_COLOR,844
PSP_004085_1420_COLOR,900
PSP_009068_2135_COLOR,119
ESP_011747_1395_COLOR,"919,920,921"
ESP_016431_2260_RED,"533,534"
PSP_001330_1395_RED,"919,920,921"
ESP_013487_2190_COLOR,193
ESP_023141_1435_COLOR,1063
ESP_020676_2110_RED,246
ESP_036921_1445_RED,"1107,1298,1299"
ESP_028503_2175_RED,86
ESP_052120_1410_RED,870
ESP_020530_1370_COLOR,"1007,1288"
ESP_028127_2205_COLOR,"401,402,403,404"
ESP_037305_2225_RED,"559,560"
PSP_004285_1375_COLOR,1280
ESP_049628_2160_RED,"106,107"
PSP_008056_1435_RED,"1285,1286"
ESP_050463_1345_RED,979
PSP_002033_1325_COLOR,1197
ESP_026083_2225_RED,429
ESP_060140_2170_COLOR,161
ESP_031229_1415_COLOR,735
ESP_051782_1385_RED,"1061,1062"
PSP_010841_2140_RED,707
ESP_034694_2210_RED,521
ESP_046106_1390_RED,844
PSP_002033_1325_RED,"1197,1198,1199"
ESP_057505_1370_COLOR,1282
PSP_003245_2205_RED,365
PSP_008810_2225_COLOR,650
ESP_029411_2255_COLOR,38
ESP_053735_2225_COLOR,482
ESP_047281_1365_COLOR,876
PSP_008181_2405_RED,20
ESP_013850_1415_RED,757
ESP_046898_1300_RED,859
ESP_025291_2100_COLOR,204
ESP_056127_2190_RED,"76,77,78"
ESP_028679_1390_RED,941
PSP_005419_1380_COLOR,"999,1278,1279,1280"
ESP_035362_2190_RED,155
ESP_019780_2205_COLOR,"448,449"
ESP_021901_1395_COLOR,941
ESP_050096_2210_COLOR,498
ESP_019253_2245_COLOR,553
ESP_042238_2170_RED,"717,718"
ESP_050482_1405_COLOR,764
ESP_049977_2265_RED,"444,445,446"
PSP_001978_1445_RED,"1107,1108,1298,1299"
ESP_011398_1275_RED,798
ESP_056788_1340_RED,864
ESP_055263_1385_RED,"1033,1034"
ESP_060984_2190_RED,155
ESP_027846_2190_RED,155
ESP_042512_1390_COLOR,1054
ESP_046740_2175_COLOR,86
ESP_046654_2185_COLOR,348
ESP_036549_1420_COLOR,900
ESP_050557_2280_COLOR,394
PSP_007096_2215_COLOR,619
ESP_017089_1430_RED,1110
PSP_010345_2150_COLOR,83
ESP_024433_1435_COLOR,1004
ESP_036525_1350_RED,"1014,1015"
ESP_014058_1450_RED,"1172,1174,1175,1176"
ESP_036806_1420_RED,728
ESP_042558_2250_COLOR,"39,40"
ESP_035934_2215_COLOR,631
PSP_006961_2195_COLOR,198
ESP_043224_1380_COLOR,1025
PSP_008256_1400_RED,1144
ESP_025557_2175_COLOR,724
ESP_026545_2255_COLOR,"544,545"
ESP_047193_1440_COLOR,988
PSP_005419_1380_RED,"999,1000,1277,1278,1279,1280"
PSP_007096_2215_RED,619
ESP_047193_1440_RED,"988,989"
ESP_049085_1300_COLOR,809
ESP_011985_1400_RED,939
ESP_055489_2210_COLOR,521
ESP_053392_2210_COLOR,"389,390"
PSP_006134_2145_RED,"707,709,710"
PSP_010679_2205_COLOR,194
ESP_017710_2215_RED,498
ESP_043159_2145_COLOR,275
PSP_004897_1245_RED,744
ESP_017265_1345_COLOR,743
ESP_016221_2175_COLOR,"715,716"
ESP_052588_2210_COLOR,499
PSP_001570_2215_RED,"363,364"
PSP_009811_2155_COLOR,326
ESP_049819_2210_COLOR,498
PSP_006691_1270_COLOR,1264
PSP_002632_2175_RED,86
ESP_040490_1365_COLOR,876
ESP_017798_2160_RED,"156,159"
ESP_036338_1420_RED,900
ESP_055489_2210_RED,521
ESP_028721_2225_COLOR,562
ESP_049999_1450_COLOR,899
ESP_036514_2210_COLOR,"566,567,577,578"
ESP_048658_1520_RED,1125
ESP_028050_2185_COLOR,"1,2"
ESP_048271_1370_RED,"893,894"
ESP_052403_2215_COLOR,"360,361,362,364"
ESP_019134_1475_RED,1130
ESP_057655_1390_RED,733
ESP_057421_2180_RED,85
ESP_045348_2115_RED,229
ESP_057463_2140_RED,146
ESP_019358_2225_COLOR,429
ESP_045784_2210_COLOR,463
ESP_049503_2210_RED,"614,615"
ESP_020543_1345_COLOR,"979,980"
ESP_042413_2250_RED,"39,40,46"
ESP_026017_2230_RED,"381,382"
PSP_007884_2195_RED,198
ESP_050558_2245_COLOR,628
ESP_026875_2215_COLOR,614
ESP_035287_2225_COLOR,"429,433"
PSP_005187_1390_RED,"745,746"
ESP_024689_1435_RED,754
ESP_023565_2225_COLOR,576
PSP_007171_2145_COLOR,192
PSP_001656_2175_COLOR,86
ESP_021875_1350_RED,1289
PSP_010431_2265_RED,"444,445,446"
ESP_043705_2225_COLOR,18
PSP_005433_1400_RED,1302
ESP_021756_1395_COLOR,941
ESP_046112_1350_COLOR,1015
ESP_036884_2175_COLOR,716
ESP_029765_1405_RED,730
ESP_036797_1340_RED,864
ESP_036293_1415_COLOR,757
PSP_002676_1415_RED,"944,945,946,948"
ESP_023351_1395_RED,922
ESP_050285_2300_RED,"22,24,25"
ESP_052074_1445_COLOR,1142
ESP_019778_1385_RED,940
ESP_027331_2140_RED,122
ESP_017314_2230_RED,"354,355"
ESP_021756_1395_RED,941
ESP_024950_1325_COLOR,1196
ESP_016653_1415_RED,952
ESP_048006_1370_COLOR,872
ESP_036293_1415_RED,"757,759"
ESP_049887_2205_COLOR,5
PSP_006224_1385_COLOR,"1112,1113"
ESP_050329_1420_RED,900
ESP_048143_1445_RED,"1107,1108,1298,1299"
ESP_019069_2200_RED,672
ESP_019503_2210_RED,408
ESP_046468_1380_RED,"1018,1024,1025"
ESP_036949_2255_RED,"548,549,550"
ESP_043147_2275_COLOR,583
ESP_058576_1480_RED,1205
PSP_008056_1435_COLOR,"1285,1286"
PSP_002320_1415_COLOR,"947,949,951,952,1272"
ESP_056491_2225_COLOR,391
ESP_037364_1340_RED,864
ESP_049476_2235_COLOR,"483,484"
ESP_047590_1520_RED,1125
ESP_050558_2245_RED,628
ESP_056938_1380_RED,1290
PSP_008308_2160_COLOR,"334,340,341"
ESP_036995_1410_RED,871
ESP_014354_1340_COLOR,864
ESP_049819_2210_RED,498
ESP_050281_2245_RED,628
ESP_023141_1435_RED,1063
ESP_027213_2170_RED,"161,162"
PSP_007834_2250_COLOR,"551,552"
ESP_032556_1390_COLOR,"1033,1034,1035"
ESP_040787_2210_COLOR,"614,615"
ESP_056954_2200_RED,719
ESP_023536_1405_RED,"934,935"
ESP_012238_1315_RED,1140
ESP_031229_1415_RED,735
ESP_030045_1340_RED,1269
ESP_024433_1435_RED,1004
ESP_052035_1325_RED,1196
ESP_037648_1435_COLOR,1163
ESP_024611_1430_RED,818
ESP_019070_2185_RED,"1,2"
ESP_046481_1440_RED,"987,991"
ESP_045152_1325_COLOR,1196
ESP_037343_1445_COLOR,"1107,1298,1299"
ESP_054973_1405_COLOR,"1066,1067"
ESP_045784_2210_RED,463
ESP_027213_2170_COLOR,162
ESP_035934_2215_RED,631
ESP_017130_2255_COLOR,541
ESP_045560_2230_COLOR,502
ESP_045939_2190_RED,193
ESP_051175_1430_RED,"977,978,1274"
ESP_036685_2220_RED,"501,509,510,511,512"
ESP_028050_2185_RED,"1,2"
ESP_056967_1480_RED,"1205,1206"
ESP_022639_1385_COLOR,929
ESP_059971_1350_COLOR,1013
ESP_041222_2210_COLOR,"614,615"
ESP_016675_1410_RED,870
ESP_013639_1415_RED,757
ESP_048145_1450_COLOR,1184
PSP_007016_2160_RED,337
ESP_045085_2205_COLOR,419
ESP_025582_2225_COLOR,"436,437"
ESP_016418_2255_RED,"540,541"
ESP_033400_1390_RED,1054
ESP_026002_1415_COLOR,"949,950,951,952,1271,1272"
ESP_037612_1400_RED,776
ESP_017024_2230_COLOR,"354,355"
ESP_027363_1445_RED,1182
ESP_036474_2240_RED,"492,493"
ESP_026915_2145_RED,707
ESP_036382_2255_RED,"549,550,554"
ESP_052021_2210_COLOR,513
ESP_051797_2260_COLOR,534
ESP_048789_1445_COLOR,"1108,1109"
ESP_042413_2250_COLOR,"39,40,46"
ESP_028983_1410_COLOR,1103
ESP_020835_2215_RED,"423,424,425"
ESP_047632_2185_RED,"1,2"
ESP_046481_1440_COLOR,"987,991"
ESP_037814_2140_RED,117
ESP_017232_1405_COLOR,911
ESP_049639_2265_COLOR,31
PSP_004192_2195_RED,198
ESP_037595_2255_COLOR,"527,534"
ESP_058173_2190_RED,98
ESP_049573_2265_COLOR,31
ESP_059441_2185_RED,152
ESP_044430_2285_RED,9
ESP_016076_2175_COLOR,715
PSP_006232_2190_RED,102
ESP_055551_1405_RED,906
ESP_016863_1460_RED,916
ESP_051215_1410_RED,1078
ESP_056838_1410_RED,"762,763"
ESP_047590_1520_COLOR,1125
ESP_045863_2265_COLOR,"416,417,418"
PSP_005902_2265_COLOR,90
ESP_033901_1390_RED,1054
ESP_039888_1415_RED,"1042,1043"
ESP_028127_2205_RED,"401,402,403,404"
ESP_058461_1300_COLOR,809
ESP_049766_2210_COLOR,464
ESP_059338_1370_RED,"1287,1288"
ESP_047380_2220_RED,"570,571"
ESP_050262_2190_RED,115
ESP_020425_1445_RED,"1107,1108,1298,1299"
PSP_008809_2215_RED,"360,361,362,363,364"
PSP_009020_2210_COLOR,"389,390"
ESP_036949_2255_COLOR,"548,549"
PSP_005902_2265_RED,90
ESP_056967_1480_COLOR,"1205,1206"
ESP_055436_1500_COLOR,1128
ESP_035797_2115_COLOR,125
ESP_025517_2180_RED,"668,669"
ESP_013160_2135_COLOR,272
ESP_050285_2300_COLOR,"22,24,25"
PSP_006806_2215_RED,619
ESP_036106_2170_COLOR,726
ESP_055100_1370_RED,872
ESP_035143_1325_COLOR,1196
ESP_024410_1325_COLOR,1227
PSP_009068_2135_RED,119
ESP_054025_2225_COLOR,429
ESP_019077_2270_RED,168
ESP_026501_1420_COLOR,900
ESP_048810_2175_RED,86
ESP_035327_2255_RED,"547,548"
ESP_020741_1445_COLOR,1029
ESP_014354_1340_RED,864
ESP_058008_2225_COLOR,438
ESP_055098_2265_RED,47
ESP_029246_1345_RED,"979,980"
PSP_001438_2160_COLOR,337
ESP_050463_1345_COLOR,979
PSP_001978_1445_COLOR,"1107,1298,1299"
ESP_036797_1340_COLOR,864
ESP_032369_1420_COLOR,900
ESP_050074_2300_COLOR,"22,24,25"
PSP_009020_2210_RED,"389,390"
ESP_051748_1340_RED,769
ESP_057032_1470_RED,1130
ESP_044430_2285_COLOR,9
ESP_012883_2135_RED,272
ESP_024538_1470_COLOR,932
ESP_049199_2210_COLOR,465
ESP_057340_1300_RED,809
ESP_034694_2210_COLOR,521
PSP_001438_2160_RED,337
ESP_027825_2140_COLOR,708
PSP_009455_2215_COLOR,"360,361,362,364"
ESP_035828_2255_RED,"547,548"
PSP_006672_1420_RED,"1082,1083,1084"
ESP_033400_1390_COLOR,1054
ESP_047443_1360_RED,"926,927,928"
ESP_049107_2255_COLOR,536
ESP_051215_1410_COLOR,1078
ESP_053392_2210_RED,"389,390"
ESP_025353_2140_RED,122
ESP_057839_1420_RED,728
ESP_049779_2215_COLOR,"360,361,362,364"
ESP_026975_2140_COLOR,122
ESP_027823_2100_RED,204
ESP_013673_1380_COLOR,"999,1000,1277,1278"
PSP_002676_1415_COLOR,"944,946,948"
ESP_055924_2210_COLOR,463
ESP_014269_1445_COLOR,1184
ESP_046861_2155_RED,142
ESP_020794_1420_RED,"1082,1083,1084"
ESP_056110_2175_RED,724
ESP_035841_2190_RED,491
ESP_058008_2225_RED,"438,439"
ESP_038063_1340_RED,864
ESP_027279_2135_RED,170
ESP_050483_2240_RED,54
ESP_052509_2255_COLOR,528
ESP_046654_2185_RED,348
ESP_024697_1350_COLOR,"1014,1015"
ESP_018866_2160_COLOR,143
PSP_005670_1415_COLOR,1083
ESP_025873_2230_RED,666
ESP_050076_1340_RED,864
ESP_036078_2190_RED,"344,345"
ESP_025926_2170_COLOR,"693,694,695"
ESP_036764_2245_RED,"475,476,477"
ESP_036474_2240_COLOR,"492,493"
PSP_010431_2265_COLOR,"444,445,446"
ESP_049437_2210_COLOR,"614,615"
PSP_004344_1275_RED,798
ESP_051265_2265_RED,"168,169"
ESP_024334_2300_RED,23
ESP_011747_1395_RED,"919,920,921"
ESP_052127_2225_COLOR,612
ESP_028910_2240_COLOR,"57,58"
ESP_027855_2195_RED,"36,37"
ESP_056689_2210_RED,449
ESP_034287_2185_COLOR,"1,2"
ESP_023802_2215_RED,498
ESP_046112_1350_RED,1015
ESP_052127_2225_RED,612
ESP_029433_2255_COLOR,554
ESP_056764_2165_COLOR,"160,164,165"
ESP_013877_1270_RED,"1264,1265"
ESP_025646_1440_RED,"958,959,965,966,967,968"
ESP_049142_2155_RED,142
ESP_023604_2230_RED,"431,432"
PSP_002902_2205_COLOR,365
ESP_037714_1435_COLOR,1163
ESP_059453_1335_RED,"888,891"
ESP_035643_2215_RED,421
ESP_018857_2225_RED,429
ESP_013165_1275_RED,797
ESP_035327_2255_COLOR,"547,548"
PSP_001558_1325_RED,"1197,1198"
ESP_054900_2305_RED,23
ESP_022745_1415_RED,"947,949,950,951,952,1271,1272"
PSP_007223_2270_RED,"168,169"
PSP_008821_1400_RED,1075
ESP_052417_2220_RED,622
PSP_001635_1445_COLOR,"1107,1298,1299"
PSP_006807_1395_COLOR,1242
ESP_060140_2170_RED,161
ESP_046220_2235_RED,671
ESP_056664_2165_RED,727
ESP_050482_1405_RED,764
ESP_022101_2210_RED,"498,499"
PSP_005333_1275_COLOR,798
ESP_048731_1340_RED,864
ESP_016078_1415_RED,735
PSP_003916_1390_RED,1031
ESP_049887_2205_RED,5
ESP_024615_2120_RED,124
ESP_016752_2300_COLOR,25
ESP_049832_2230_RED,456
PSP_006806_2215_COLOR,619
PSP_008519_2210_COLOR,"389,390"
PSP_006961_2195_RED,198
ESP_027110_1380_RED,1018
ESP_050329_1420_COLOR,900
ESP_012383_1315_COLOR,1140
ESP_024657_1440_COLOR,"961,962,963"
ESP_013528_1380_COLOR,"999,1000,1277,1278"
ESP_034695_2175_RED,716
ESP_043371_2270_COLOR,538
ESP_036696_1470_RED,955
ESP_016141_2260_RED,534
ESP_037714_1435_RED,1163
ESP_022880_2140_COLOR,707
ESP_046061_2190_RED,491
ESP_057020_2180_RED,715
ESP_019635_2205_COLOR,"448,449"
ESP_053735_2225_RED,482
ESP_016557_1435_RED,885
PSP_008639_2135_RED,708
PSP_001964_1415_RED,"944,945,946,948"
TRA_000844_2145_RED,314
ESP_026137_2145_RED,707
ESP_057691_2175_RED,"318,319"
ESP_057149_1380_RED,"1018,1024,1025"
ESP_013919_1410_RED,"869,870"
ESP_013702_1450_RED,"1177,1178,1179,1180,1181"
ESP_025646_1440_COLOR,"965,966,967"
ESP_034829_1325_COLOR,742
ESP_058671_1415_RED,757
ESP_056509_2220_RED,18
ESP_028561_1410_RED,1103
ESP_022801_2140_RED,707
ESP_037758_1385_RED,824
ESP_058481_1380_COLOR,"1017,1018,1019"
ESP_023655_1445_RED,"1029,1030"
PSP_008810_2225_RED,650
PSP_008784_2140_RED,707
ESP_028503_2175_COLOR,86
ESP_057652_2215_RED,480
PSP_005333_1275_RED,798
ESP_060430_2170_COLOR,161
ESP_017741_2255_RED,"41,42"
ESP_042966_1380_COLOR,"774,775"
ESP_055731_1435_RED,821
ESP_039179_1430_RED,1224
PSP_005195_1380_RED,"1026,1290,1291"
ESP_027823_2100_COLOR,204
ESP_049832_2230_COLOR,456
ESP_056764_2165_RED,"160,164,165"
ESP_016076_2175_RED,715
ESP_043283_2220_RED,18
ESP_045863_2265_RED,"416,417,418"
ESP_025353_2140_COLOR,122
ESP_049344_2225_RED,430
ESP_012955_1340_RED,1268
ESP_049371_2175_COLOR,596
ESP_056491_2225_RED,391
ESP_024461_2210_COLOR,364
PSP_008691_1445_RED,1141
ESP_046839_2190_RED,491
PSP_007223_2270_COLOR,168
ESP_057380_2200_COLOR,73
ESP_020886_1445_COLOR,1029
ESP_042512_1390_RED,1054
ESP_054480_2180_RED,93
ESP_052509_2255_RED,"528,529,530,536"
PSP_001843_2115_COLOR,125
PSP_010679_2205_RED,"194,195"
ESP_035630_2250_COLOR,"485,486,487"
ESP_024594_2180_RED,653
ESP_035797_2115_RED,125
ESP_045999_1400_RED,776
ESP_027956_2255_RED,527
PSP_006794_1420_COLOR,1260
ESP_054803_2220_RED,437
ESP_042966_1380_RED,"774,775"
ESP_028402_1455_COLOR,943
ESP_039532_1415_RED,"1042,1043"
ESP_013702_1450_COLOR,"1177,1178,1179,1181"
ESP_034695_2175_COLOR,716
ESP_048845_2185_COLOR,"1,2"
ESP_040490_1365_RED,876
ESP_040813_2255_COLOR,"528,536"
ESP_016665_1405_RED,911
ESP_044193_1430_RED,"817,819"
ESP_028870_1275_RED,797
ESP_012383_1315_RED,1140
ESP_037836_1405_RED,764
PSP_005187_1390_COLOR,"745,746"
ESP_044716_2220_COLOR,517
ESP_025422_1395_RED,1006
ESP_041367_2275_RED,"582,583"
PSP_006224_1385_RED,"1112,1113"
ESP_028007_1415_RED,1082
ESP_012917_1365_COLOR,876
ESP_056188_2220_RED,"498,501"
ESP_042198_2235_RED,652
ESP_012328_1375_RED,"1279,1280"
ESP_042778_2225_COLOR,612
ESP_011922_2205_RED,672
PSP_007451_2225_RED,"342,343"
ESP_027134_1420_RED,900
PSP_008610_1400_RED,1075
ESP_028055_1365_RED,876
PSP_001843_2115_RED,125
ESP_059498_2235_COLOR,457
ESP_024448_2205_RED,448
ESP_036382_2255_COLOR,"550,554"
ESP_018453_2255_RED,"41,42"
ESP_035143_1325_RED,1196
PSP_006794_1420_RED,"1259,1260,1261"
ESP_055975_1370_RED,"1287,1288"
PSP_001768_2160_RED,337
ESP_045310_2240_RED,628
ESP_057421_2180_COLOR,85
ESP_051814_1340_RED,769
ESP_055100_1370_COLOR,872
ESP_044362_2110_RED,6
ESP_019768_2220_RED,696
ESP_013727_1530_RED,1124
ESP_054900_2305_COLOR,23
ESP_052588_2210_RED,499
ESP_045323_2200_RED,"579,580"
ESP_014269_1445_RED,"1184,1185"
ESP_052271_1520_COLOR,1125
PSP_001558_1325_COLOR,1197
ESP_049931_2190_COLOR,"94,97"
ESP_058481_1380_RED,"1017,1018,1019"
ESP_049544_2205_RED,5
PSP_003243_1415_RED,"947,949,950,951,952,1271,1272"
ESP_057691_2175_COLOR,"318,319"
ESP_036106_2170_RED,726
ESP_011669_1390_RED,1054
ESP_026542_2210_RED,196
ESP_055845_2220_RED,501
ESP_060314_1470_COLOR,1058
ESP_016431_2260_COLOR,534
ESP_054526_2220_COLOR,"396,397"
ESP_017363_1420_RED,900
ESP_059971_1350_RED,1013
ESP_023677_2140_COLOR,108
ESP_050041_1415_COLOR,1273
ESP_028969_1405_RED,938
PSP_005319_1245_COLOR,744
ESP_047281_1365_RED,876
ESP_059603_2145_RED,296
ESP_045606_2175_RED,86
ESP_049331_2215_COLOR,488
ESP_052324_2225_COLOR,429
ESP_034708_2145_RED,707
ESP_032369_1420_RED,900
PSP_006199_2205_RED,521
ESP_028421_1415_RED,757
ESP_055436_1500_RED,1128
ESP_012883_2135_COLOR,272
ESP_043705_2225_RED,18
ESP_017807_2255_RED,41
PSP_007677_1380_RED,1308
PSP_007366_1360_RED,876
ESP_041406_2210_RED,"406,407,410,411,412"
PSP_009588_2175_COLOR,659
PSP_007795_2175_RED,659
AEB_000001_0150_RED,"798,799"
ESP_050175_2220_COLOR,501
ESP_019780_2205_RED,"448,449"
PSP_010695_2225_RED,509
ESP_011974_2220_RED,501
ESP_042558_2250_RED,"39,40"
PSP_003711_1275_COLOR,798
ESP_013941_1420_RED,728
ESP_052535_2225_COLOR,429
ESP_049107_2255_RED,536
ESP_051824_2185_COLOR,653
ESP_046786_2220_RED,397
ESP_038063_1340_COLOR,864
ESP_028721_2225_RED,"561,562"
ESP_016673_2255_RED,42
ESP_036696_1470_COLOR,955
ESP_052324_2225_RED,429
ESP_050076_1340_COLOR,864
ESP_019778_1385_COLOR,940
ESP_049999_1450_RED,899
PSP_001635_1445_RED,"1107,1108,1298,1299"
ESP_048290_1450_RED,"1172,1174,1175,1176"
ESP_051824_2185_RED,653
ESP_011974_2220_COLOR,501
ESP_050760_2240_RED,54
ESP_036764_2245_COLOR,"475,476,477"
ESP_036078_2190_COLOR,"344,345"
ESP_013487_2190_RED,193
PSP_007650_1300_RED,1194
ESP_041129_2210_COLOR,"410,411,412"
ESP_028482_1445_COLOR,"1107,1298,1299"
ESP_023565_2225_RED,576
ESP_045348_2115_COLOR,229
ESP_012446_2195_RED,198
ESP_026013_2160_RED,"156,159"
ESP_024884_2215_RED,657
PSP_007171_2145_RED,192
ESP_027639_2210_COLOR,"373,375"
ESP_025517_2180_COLOR,"668,669"
ESP_048810_2175_COLOR,86
ESP_016970_1410_COLOR,"1076,1077"
ESP_049544_2205_COLOR,5
ESP_027825_2140_RED,708
ESP_019280_1325_COLOR,1197
ESP_023536_1405_COLOR,935
ESP_055355_1345_RED,979
ESP_043771_2225_RED,18
ESP_042844_2270_COLOR,636
ESP_013244_1275_RED,797
ESP_055673_2125_RED,"303,304"
ESP_036817_2255_RED,527
ESP_020425_1445_COLOR,"1107,1298,1299"
ESP_043371_2270_RED,538
PSP_005895_2115_COLOR,312
ESP_028007_1415_COLOR,1082
ESP_016141_2260_COLOR,534
ESP_043283_2220_COLOR,18
ESP_049573_2265_RED,31
ESP_020886_1445_RED,1029
ESP_051758_2175_COLOR,659
ESP_023677_2140_RED,108
ESP_028352_2245_COLOR,629
ESP_023365_1445_COLOR,"1029,1030"
ESP_016403_1410_RED,"1073,1074,1293"
ESP_035618_2175_RED,716
ESP_057859_1340_COLOR,"902,903"
ESP_024611_1430_COLOR,818
ESP_022494_1385_COLOR,929
ESP_057100_2180_RED,1
ESP_042778_2225_RED,612
ESP_046468_1380_COLOR,"1018,1025"
ESP_046318_2160_COLOR,"87,88"
ESP_013528_1380_RED,"999,1000,1277,1278"
ESP_060197_2220_RED,501
ESP_059441_2185_COLOR,152
PSP_005195_1380_COLOR,"1290,1291"
ESP_036995_1410_COLOR,871
PSP_005072_1375_RED,881
ESP_057178_1480_COLOR,"1205,1206"
ESP_018725_2215_COLOR,"363,364"
ESP_049931_2190_RED,"94,97"
ESP_046861_2155_COLOR,142
ESP_020860_1420_COLOR,"1083,1084"
ESP_029576_1350_COLOR,1014
ESP_052271_1520_RED,1125
ESP_049555_2225_RED,"434,435,438"
ESP_027494_2215_COLOR,"423,424,425"
ESP_041406_2210_COLOR,"410,411,412"
ESP_046318_2160_RED,"87,88"
ESP_056933_2175_RED,86
ESP_017130_2255_RED,"540,541"
PSP_007530_2120_COLOR,311
ESP_034287_2185_RED,"1,2"
ESP_013333_2120_COLOR,680
ESP_037401_1330_COLOR,770
ESP_032382_2155_RED,142
PSP_010345_2150_RED,83
ESP_016752_2300_RED,25
PSP_009956_2160_RED,337
ESP_028179_2090_RED,206
ESP_024697_1350_RED,"1014,1015"
ESP_050074_2300_RED,"22,24,25"
ESP_055263_1385_COLOR,1034
ESP_050465_2240_COLOR,492
ESP_051782_1385_COLOR,1061
PSP_003112_1445_RED,"1107,1108,1298,1299"
ESP_033485_1290_RED,794
ESP_028910_2240_RED,"57,58"
ESP_029433_2255_RED,"550,554"
ESP_052285_2255_COLOR,"528,536"
ESP_021758_1505_RED,1127
ESP_014396_1415_RED,900
ESP_044193_1430_COLOR,"817,819"
ESP_047443_1360_COLOR,"926,927,928"
ESP_019354_2170_RED,161
ESP_016168_2180_RED,653
ESP_016665_1405_COLOR,911
ESP_019253_2245_RED,553
ESP_037305_2225_COLOR,"559,560"
ESP_012955_1340_COLOR,1268
PSP_009455_2215_RED,"360,361,362,363,364"
ESP_057563_1350_RED,743
ESP_048143_1445_COLOR,"1107,1298,1299"
ESP_027531_1395_COLOR,"919,920,921"
ESP_032506_2150_COLOR,698
ESP_019280_1325_RED,"1197,1198"
ESP_046428_1420_RED,"936,937"
PSP_005762_1405_RED,"1047,1048,1049"
PSP_008888_2160_COLOR,"334,340,341"
ESP_016416_1475_RED,"1057,1058"
ESP_036905_1420_COLOR,900
ESP_036685_2220_COLOR,"501,511,512"
PSP_006536_1315_RED,883
ESP_024657_1440_RED,"960,961,962,963"
PSP_007834_2250_RED,"551,552"
ESP_049621_2210_RED,464
ESP_056930_1245_RED,744
ESP_027508_2245_RED,"626,627,628"
ESP_045737_1380_RED,"852,853"
PSP_006902_1275_COLOR,798
ESP_054841_1405_COLOR,"1047,1048"
ESP_031910_1420_RED,"1082,1083,1084"
ESP_029457_1455_RED,"942,943"
PSP_003243_1415_COLOR,"947,949,951,952,1272"
ESP_049217_2245_COLOR,50
ESP_014396_1415_COLOR,900
ESP_021875_1350_COLOR,1289
ESP_022112_1435_RED,"953,954"
ESP_047585_1335_RED,"888,889,891"
ESP_056930_1245_COLOR,744
ESP_049217_2245_RED,50
ESP_058531_2135_COLOR,123
PSP_003842_1245_COLOR,744
ESP_025926_2170_RED,"693,694,695"
ESP_041971_1415_COLOR,"949,950,951,952,1271,1272"
ESP_023921_1340_COLOR,1139
ESP_045310_2240_COLOR,628
ESP_052285_2255_RED,"528,529,530,536"
PSP_003692_1415_COLOR,1083
ESP_034829_1325_RED,742
PSP_007232_2260_RED,43
ESP_020558_2215_RED,"423,424,425"
ESP_044410_2195_RED,"199,200"
ESP_023472_2225_RED,383
ESP_052403_2215_RED,"360,361,362,364"
ESP_028055_1365_COLOR,876
ESP_016247_2270_RED,"641,642,643,644"
ESP_023033_1420_COLOR,900
ESP_014180_1335_RED,771
ESP_050760_2240_COLOR,54
ESP_036338_1420_COLOR,900
ESP_026042_1470_RED,1057
ESP_033599_2160_COLOR,341
PSP_005072_1375_COLOR,881
ESP_051322_2210_COLOR,"466,467"
ESP_058467_2195_RED,200
ESP_023604_2230_COLOR,"431,432"
ESP_014340_1340_RED,855
ESP_022112_1435_COLOR,"953,954"
ESP_028777_1415_RED,757
ESP_056938_1380_COLOR,1290
ESP_012328_1375_COLOR,"1279,1280"
ESP_016233_2295_RED,"469,470,471"
ESP_024538_1470_RED,932
ESP_037586_1290_RED,807
ESP_035287_2225_RED,"429,433"
ESP_029411_2255_RED,38
PSP_008809_2215_COLOR,"360,361,362,364"
ESP_016271_1475_RED,"1057,1058"
PSP_001768_2160_COLOR,337
ESP_058729_2170_RED,165
ESP_025963_1410_COLOR,"1071,1072"
ESP_055990_2245_COLOR,475
ESP_055722_2160_RED,159
ESP_050041_1415_RED,1273
ESP_022880_2140_RED,707
ESP_050557_2280_RED,394
ESP_028985_2245_COLOR,628
ESP_056788_1340_COLOR,864
ESP_039532_1415_COLOR,"1042,1043"
ESP_043159_2145_RED,275
ESP_028468_1455_RED,943
PSP_004469_2195_RED,198
ESP_036525_1350_COLOR,"1014,1015"
PSP_008598_2155_RED,324
ESP_057335_2155_RED,"324,326"
ESP_026002_1415_RED,"949,950,951,952,1271,1272"
ESP_028983_1410_RED,1103
ESP_013304_1405_COLOR,"1047,1048,1049"
ESP_024615_2120_COLOR,124
ESP_053326_2215_RED,"360,361,362,364"
ESP_054774_1395_RED,"919,920,921"
ESP_032556_1390_RED,"1033,1034,1035,1036"
ESP_049503_2210_COLOR,"614,615"
PSP_007451_2225_COLOR,"342,343"
ESP_026975_2140_RED,122
PSP_008753_2145_RED,192
PSP_010758_1395_RED,"919,920,921"
ESP_057757_1520_RED,1125
ESP_046853_2200_RED,672
ESP_020543_1345_RED,"979,980"
PSP_008519_2210_RED,"389,390"
ESP_023039_1415_COLOR,1260
PSP_006691_1270_RED,1264
ESP_032572_2145_RED,709
ESP_020822_2220_COLOR,501
