ESP_049569_2245_COLOR,628
ESP_060922_2210_RED,"372,377"
ESP_057756_1420_COLOR,"1091,1093,1094,1095,1096"
ESP_032506_2150_RED,698
ESP_016393_1400_COLOR,"1240,1241"
ESP_026741_1415_RED,"1072,1082"
ESP_018502_2185_RED,653
ESP_059006_2170_RED,"160,164,165"
ESP_054841_1405_RED,"1044,1045,1047,1048,1049,1051,1052,1053"
ESP_048026_1400_COLOR,1144
ESP_021928_1415_RED,1084
ESP_037411_1300_RED,1191
PSP_003916_1390_COLOR,1031
ESP_057806_2155_RED,"142,147,159"
ESP_059489_1325_RED,771
ESP_037758_1385_COLOR,824
ESP_035841_2190_RED,491
ESP_045311_1205_RED,"1231,1232"
ESP_056439_2225_COLOR,591
ESP_020188_2130_RED,248
ESP_056509_2220_COLOR,18
ESP_056905_2180_COLOR,53
ESP_051955_2250_RED,"485,486,487"
ESP_051177_2230_RED,481
ESP_058874_2160_RED,"142,159"
ESP_055213_2175_COLOR,694
ESP_032382_2155_COLOR,"142,159"
ESP_046127_2220_RED,517
ESP_031264_1405_RED,"1085,1087,1088,1292"
ESP_057250_2165_RED,107
ESP_026545_2255_RED,"542,543,544,545,546,548"
ESP_044874_2205_RED,"419,420"
ESP_045103_2295_RED,"25,27,28"
ESP_034228_2150_RED,142
ESP_055227_1420_RED,"1253,1254,1309"
ESP_028931_2225_COLOR,298
ESP_037636_1205_RED,"1231,1232"
ESP_056074_2205_COLOR,64
ESP_048749_1375_COLOR,"1018,1019"
ESP_029568_1245_COLOR,744
ESP_049085_1300_RED,809
PSP_008784_2140_COLOR,707
ESP_038292_1445_COLOR,1027
ESP_055819_1310_RED,1140
PSP_005857_2225_RED,687
ESP_013785_1300_RED,809
ESP_019490_2210_RED,"450,451,452,463"
ESP_058795_2155_COLOR,"142,159"
PSP_003613_1465_COLOR,1105
ESP_037357_2120_COLOR,310
ESP_036514_2210_RED,"566,567,577,578,580"
ESP_033901_1390_RED,"1034,1054"
ESP_039799_1205_RED,"1231,1232"
ESP_039018_1400_RED,"1098,1297"
ESP_016247_2270_COLOR,"641,642,643,644"
ESP_036792_1205_RED,"1231,1232"
ESP_037477_1300_RED,"1191,1195"
ESP_018914_2260_RED,7
ESP_027548_2150_RED,698
PSP_002266_2190_RED,193
ESP_060430_2170_RED,"161,162"
ESP_037411_1300_COLOR,1191
ESP_016272_2140_RED,279
ESP_036707_2190_RED,"151,152"
ESP_016238_2180_COLOR,53
PSP_002214_2210_RED,196
ESP_043593_1445_COLOR,1286
ESP_016258_1415_RED,1084
ESP_025224_1440_RED,"960,965,966,967,968,969,970"
ESP_028777_1415_RED,"757,758,759"
ESP_019063_2185_RED,114
ESP_024448_2205_COLOR,"448,449"
ESP_055779_2235_RED,492
ESP_023351_1395_COLOR,922
ESP_034819_2175_COLOR,86
ESP_046336_1390_RED,"999,1000,1001,1277,1278"
ESP_036106_2170_COLOR,"726,727"
ESP_056690_2195_RED,672
PSP_007784_1390_COLOR,732
ESP_026017_2230_COLOR,"381,382"
ESP_024380_1420_RED,"936,937"
ESP_050999_1340_RED,864
ESP_030045_1340_COLOR,1269
ESP_046786_2220_COLOR,397
ESP_027695_1390_COLOR,732
PSP_008611_2125_RED,"301,302,303"
ESP_055212_2195_RED,"491,514"
ESP_012917_1365_RED,876
PSP_003349_1475_COLOR,"1057,1058"
ESP_054844_2155_RED,724
ESP_020769_2225_RED,"428,430"
ESP_057600_2245_RED,"660,661"
PSP_004085_1420_COLOR,900
ESP_025679_1300_COLOR,809
ESP_054656_1410_COLOR,956
ESP_024461_2210_RED,364
ESP_011731_1335_COLOR,"888,889"
ESP_027855_2195_RED,"35,36,37"
ESP_048290_1450_COLOR,"1172,1174,1176"
PSP_005670_1415_COLOR,"1072,1083,1084"
ESP_028438_1355_COLOR,887
PSP_004192_2195_COLOR,198
ESP_027235_1300_COLOR,809
PSP_007558_2135_COLOR,708
ESP_046857_2180_RED,53
PSP_008190_2255_COLOR,"544,546,547,548"
ESP_049720_2190_COLOR,95
ESP_051284_1325_COLOR,1229
ESP_016775_2175_RED,"724,725"
ESP_037612_1400_COLOR,776
ESP_013244_1275_COLOR,"797,1264,1265"
ESP_046496_2260_RED,441
ESP_057770_1440_RED,"1122,1123"
ESP_050516_1375_COLOR,1026
ESP_045363_1300_RED,1191
ESP_019781_1300_COLOR,1191
ESP_029035_1455_RED,"942,943"
ESP_057414_2150_RED,"316,317"
ESP_045936_2145_COLOR,108
ESP_051265_2265_COLOR,"168,169"
ESP_029414_1360_RED,892
ESP_058531_2135_RED,123
ESP_037335_1330_RED,770
ESP_035078_2185_RED,"1,2"
ESP_027862_1415_COLOR,1084
PSP_001834_2215_COLOR,"360,363,364"
ESP_051942_2210_COLOR,521
PSP_003245_2205_COLOR,"365,366,373,374"
PSP_008597_1460_RED,1105
ESP_050680_1325_RED,771
PSP_008821_1400_COLOR,"1071,1073,1075"
ESP_037773_1375_RED,872
ESP_019462_1390_COLOR,1054
ESP_035391_1390_RED,"1032,1033,1054"
ESP_057271_1400_COLOR,1240
ESP_058866_2180_COLOR,669
ESP_026013_2160_COLOR,"142,156,159"
ESP_046032_1390_COLOR,923
PSP_005737_2185_RED,345
PSP_001426_2200_COLOR,672
ESP_052544_2195_COLOR,138
ESP_059709_2250_RED,478
ESP_056172_2205_RED,194
ESP_044327_1375_RED,872
ESP_031273_1355_RED,887
ESP_057822_1415_RED,1084
ESP_028914_2115_RED,125
ESP_056003_2240_RED,"392,393"
ESP_051079_1355_COLOR,887
ESP_027062_1390_COLOR,732
ESP_046566_1335_COLOR,769
ESP_055731_2230_COLOR,51
ESP_020860_1420_COLOR,"1081,1083,1084"
ESP_023998_1390_COLOR,1037
ESP_058153_2255_RED,"399,415"
ESP_029462_1385_RED,732
ESP_049858_2275_RED,323
ESP_037586_1290_COLOR,"796,807,808"
ESP_027134_1420_COLOR,900
ESP_027350_1300_RED,1191
ESP_037364_1340_COLOR,864
ESP_036132_1300_COLOR,1191
ESP_019358_2225_RED,"429,430,431,432"
ESP_015994_1380_RED,"1016,1018,1019"
ESP_035037_1400_COLOR,1144
ESP_047585_1335_COLOR,"888,889,891"
ESP_041393_1470_COLOR,1130
ESP_028723_1420_RED,728
ESP_019897_1370_RED,"1007,1008,1288"
ESP_051849_1520_COLOR,1125
ESP_056986_1375_RED,872
ESP_036578_1415_RED,"1084,1089"
ESP_046336_1390_COLOR,"999,1000,1001,1277,1278"
PSP_007435_1360_RED,912
ESP_024050_1385_RED,"930,931"
ESP_046740_2175_RED,86
ESP_059603_2145_COLOR,296
ESP_056148_2200_RED,359
ESP_057032_1470_COLOR,1130
ESP_055212_2195_COLOR,"491,514"
ESP_041971_1415_RED,"946,947,949,950,951,952,1271,1272"
ESP_046384_2185_RED,96
ESP_026083_2225_COLOR,"428,429,431,432"
ESP_026915_2145_COLOR,707
ESP_042415_1375_COLOR,872
PSP_007159_1405_RED,933
ESP_045916_2205_COLOR,"491,500"
ESP_052403_2215_COLOR,"358,360,361,362,364"
ESP_055146_2220_RED,453
ESP_013001_1415_RED,"1072,1085,1292"
ESP_058636_2140_COLOR,"116,117,118"
ESP_055990_2245_COLOR,"475,476,477"
ESP_056967_1480_COLOR,"1205,1206,1207"
ESP_057806_2155_COLOR,"142,147,159"
ESP_058654_2225_RED,428
ESP_032302_2190_RED,115
ESP_056954_2200_RED,719
ESP_043824_2180_RED,53
PSP_006536_1315_COLOR,883
ESP_017231_2160_RED,"156,159"
ESP_046711_1335_COLOR,769
ESP_035288_1300_RED,1191
ESP_057727_1420_RED,900
ESP_053947_2190_RED,691
ESP_055731_2230_RED,51
ESP_045176_1415_RED,"1084,1089"
PSP_008148_1470_RED,955
ESP_031758_1295_RED,816
ESP_048248_1380_COLOR,"1017,1018,1019,1024,1025,1290,1291"
PSP_008954_2155_RED,"324,326,338"
ESP_038453_1325_RED,"1196,1197,1198,1199,1201"
ESP_040013_1300_RED,809
ESP_060736_1385_RED,"1018,1026,1290,1291"
PSP_002401_2245_RED,398
ESP_037845_2210_COLOR,359
PSP_006134_2145_COLOR,"707,709,710"
ESP_048026_1400_RED,1144
PSP_006278_2225_COLOR,"501,509"
ESP_027258_2160_COLOR,721
ESP_014352_1300_COLOR,809
ESP_043224_1380_COLOR,"1018,1024,1025,1026,1290"
ESP_051955_2250_COLOR,"485,486"
PSP_008190_2255_RED,"544,545,546,547,548,549"
ESP_025963_1410_COLOR,"1071,1072,1073,1082,1293,1294"
ESP_046904_2125_COLOR,231
ESP_043560_2220_COLOR,18
ESP_017024_2230_COLOR,"354,355,359"
ESP_048960_1385_COLOR,"1018,1026"
ESP_060922_2210_COLOR,"372,377"
ESP_059296_2160_RED,"142,159"
ESP_056070_2230_COLOR,671
ESP_012935_1415_RED,1084
ESP_027855_2195_COLOR,"36,37"
ESP_037714_1435_COLOR,1163
ESP_055990_2245_RED,"475,476,477"
ESP_035344_2260_RED,7
ESP_044410_2195_COLOR,"199,200"
ESP_017842_1440_COLOR,1131
ESP_057757_1520_COLOR,1125
ESP_025472_1405_RED,897
ESP_023552_2245_RED,"628,629"
ESP_029765_1405_COLOR,730
ESP_049986_2165_COLOR,144
PSP_007530_2120_RED,"300,311"
ESP_046140_2205_COLOR,"448,449"
PSP_003639_1345_RED,1289
PSP_010276_1410_COLOR,735
ESP_049476_2235_RED,"483,484"
ESP_036136_2245_COLOR,54
ESP_054601_2120_COLOR,125
ESP_051036_1370_RED,772
ESP_013261_2195_RED,115
ESP_037595_2255_RED,"525,527,531,534,536"
ESP_030056_1420_RED,"755,756"
ESP_028194_1300_COLOR,1191
ESP_019559_1390_RED,732
ESP_046193_2265_RED,525
ESP_039100_1330_COLOR,1230
ESP_045936_2145_RED,108
ESP_050281_2245_COLOR,628
PSP_002266_2190_COLOR,193
ESP_023790_2160_COLOR,721
ESP_016264_2405_COLOR,"19,20"
PSP_006660_2190_RED,359
ESP_015918_1325_COLOR,1229
ESP_017710_2215_RED,"499,500,515"
ESP_042844_2270_RED,"635,636"
ESP_055428_1280_RED,"829,830,832"
ESP_033165_2195_RED,655
ESP_056969_1385_COLOR,732
ESP_025280_2155_COLOR,721
ESP_058576_1480_COLOR,"1205,1206,1207"
ESP_016140_2140_COLOR,260
ESP_058654_2225_COLOR,428
ESP_039224_1375_RED,872
ESP_037714_1435_RED,1163
ESP_052120_1410_COLOR,870
PSP_007832_1385_COLOR,"1018,1026,1290"
ESP_056140_2180_RED,53
PSP_006807_1395_RED,1242
ESP_055551_1405_COLOR,906
ESP_025727_2265_RED,446
PSP_003289_1280_RED,"798,1265"
ESP_027363_1445_COLOR,"1182,1183,1188"
ESP_037814_2140_COLOR,117
ESP_025818_1415_COLOR,"1084,1089"
ESP_047556_1280_COLOR,"829,830,831"
ESP_043792_2145_COLOR,275
ESP_056623_2210_RED,"421,422"
ESP_047536_1380_RED,1019
PSP_002772_1205_COLOR,"1231,1232"
ESP_018460_1410_COLOR,"1076,1077"
ESP_058874_2160_COLOR,"142,159"
PSP_003231_2095_RED,227
ESP_045428_2225_RED,452
ESP_038292_1445_RED,1027
ESP_033964_1410_COLOR,897
PSP_007784_1390_RED,732
ESP_037579_1395_COLOR,923
ESP_057822_1415_COLOR,1084
PSP_002136_1415_COLOR,1084
PSP_007366_1360_RED,876
ESP_016168_2180_COLOR,653
ESP_023605_2205_COLOR,"673,674"
ESP_043147_2275_RED,"582,583"
ESP_028564_1205_RED,"1231,1232"
ESP_036515_1325_RED,1229
ESP_034463_2165_COLOR,"86,92"
ESP_028488_2265_RED,"31,44,45"
ESP_033400_1390_RED,"1034,1054"
ESP_052021_2210_RED,"499,513"
ESP_057655_1390_COLOR,"733,734"
ESP_052417_2220_COLOR,622
ESP_027235_1300_RED,809
ESP_013877_1270_COLOR,"1264,1265"
ESP_016801_2205_RED,673
ESP_046032_1390_RED,923
PSP_006224_1385_COLOR,"1112,1113"
ESP_019069_2200_RED,672
PSP_007884_2195_COLOR,"198,200"
TRA_000844_2145_COLOR,314
ESP_016739_2240_COLOR,"54,55,57,58"
ESP_013541_1415_COLOR,"944,945,946,948"
ESP_056954_2200_COLOR,719
ESP_044852_2285_RED,10
ESP_053868_2175_RED,"693,694"
ESP_059470_1345_RED,1015
ESP_023921_1340_RED,"1138,1139"
ESP_054961_2185_RED,344
ESP_048833_1410_COLOR,735
ESP_050506_1325_COLOR,1229
ESP_057083_1350_RED,"1014,1015,1289"
ESP_034707_2255_COLOR,486
ESP_049986_2165_RED,144
ESP_050463_1345_RED,"979,980"
PSP_010340_2140_RED,707
ESP_026083_2225_RED,"428,429,431,432"
PSP_010419_2140_COLOR,707
ESP_027983_1300_RED,1191
ESP_046106_1390_RED,844
ESP_053868_2175_COLOR,694
ESP_037474_1380_RED,940
ESP_049542_2220_RED,"498,501,511,512"
ESP_037585_1325_RED,742
ESP_059518_1370_COLOR,872
ESP_059536_1375_COLOR,1055
ESP_057679_2230_COLOR,621
PSP_007914_2160_COLOR,721
PSP_004019_1420_RED,900
ESP_047226_1425_RED,818
ESP_059507_2155_COLOR,"142,159"
ESP_054961_2185_COLOR,344
ESP_058866_1480_COLOR,"1205,1206,1207"
ESP_057164_2200_RED,"491,514"
ESP_016180_2225_RED,"342,343,356"
PSP_007706_1375_RED,780
ESP_037292_2175_COLOR,595
ESP_060707_2160_COLOR,159
ESP_034787_1300_RED,1191
PSP_008784_2140_RED,707
ESP_045098_2175_COLOR,"346,347"
PSP_007644_2190_RED,114
ESP_029042_2180_COLOR,53
ESP_056618_2185_COLOR,115
ESP_057769_1405_RED,1050
ESP_019213_2210_COLOR,"408,409,412"
ESP_056861_1315_RED,1140
ESP_025752_1395_COLOR,1080
ESP_055355_1345_RED,"979,980"
ESP_036343_1300_RED,1191
ESP_027862_1415_RED,1084
PSP_007096_2215_RED,"617,619"
ESP_058114_1345_COLOR,1139
ESP_011985_1400_RED,939
ESP_055489_2210_COLOR,521
PSP_004897_1245_RED,744
ESP_017265_1345_COLOR,743
ESP_045756_1390_COLOR,"1060,1062"
ESP_019077_2270_COLOR,"168,169"
PSP_006691_1270_COLOR,"798,799,1264,1265"
ESP_055489_2210_RED,521
ESP_048422_1480_RED,1208
ESP_057859_1340_COLOR,"902,903"
ESP_019134_1475_RED,1130
ESP_057421_2180_RED,85
ESP_057463_2140_RED,146
ESP_027143_2245_RED,54
PSP_007148_2245_COLOR,398
ESP_045930_1300_RED,1191
ESP_021783_1390_RED,1069
ESP_035287_2225_COLOR,"429,430,433"
ESP_051875_2135_RED,237
PSP_001656_2175_COLOR,86
PSP_006278_2225_RED,"501,509"
ESP_046112_1350_COLOR,"1014,1015"
ESP_037075_1340_RED,891
ESP_035378_1415_RED,"1084,1089"
ESP_023351_1395_RED,922
ESP_052074_1445_COLOR,1142
ESP_013702_1450_COLOR,"1175,1177,1178,1179,1180,1181,1187,1189"
ESP_060975_2215_RED,480
ESP_017314_2230_RED,"354,355,359"
ESP_028679_1390_COLOR,941
ESP_048623_1385_RED,"774,775"
ESP_025092_1420_COLOR,936
ESP_028402_1455_RED,"942,943"
PSP_007148_2245_RED,398
ESP_036995_1410_RED,"870,871"
ESP_027213_2170_RED,"161,162,172"
ESP_036293_1415_RED,"757,758,759"
ESP_049700_2250_RED,398
ESP_046971_2260_RED,525
ESP_012238_1315_RED,1140
ESP_016272_2140_COLOR,279
ESP_022165_1395_RED,"1002,1003"
ESP_030133_1325_RED,1229
ESP_045152_1325_COLOR,"1196,1197,1199,1201"
ESP_029568_1245_RED,744
ESP_047700_1375_RED,780
ESP_017130_2255_COLOR,"540,541,543"
ESP_045560_2230_COLOR,502
ESP_045999_1400_COLOR,776
ESP_058584_2155_COLOR,"142,159"
ESP_022639_1385_COLOR,"929,931"
ESP_011747_1395_COLOR,"918,919,920,921"
ESP_013639_1415_RED,"757,758,759"
ESP_051036_1370_COLOR,772
ESP_035327_2255_RED,"547,548,549,551"
ESP_016418_2255_RED,"540,541,543,544"
ESP_023065_1205_COLOR,"1231,1232"
ESP_019333_2140_COLOR,707
PSP_010679_2205_COLOR,"194,195"
ESP_015956_2210_RED,"408,409,412"
ESP_015947_1370_COLOR,772
ESP_036382_2255_RED,"549,550,554"
ESP_028334_2160_RED,"161,172,173"
ESP_051797_2260_COLOR,"527,531,534,536"
ESP_055249_2195_RED,198
PSP_006806_2215_RED,"617,619"
PSP_005195_1380_COLOR,"1026,1290,1291"
ESP_018013_2265_COLOR,"416,417"
ESP_046445_1205_RED,"1231,1232"
ESP_046481_1440_RED,"987,990,991"
ESP_050760_2240_COLOR,"54,55,58"
TRA_000871_2215_COLOR,"498,515"
ESP_012328_1375_RED,"1000,1277,1279,1280"
ESP_027783_1450_RED,1106
PSP_006232_2190_RED,"102,103"
ESP_014180_1335_RED,771
ESP_059394_1325_RED,1229
ESP_034589_1450_RED,"1181,1188"
ESP_011310_1395_COLOR,898
PSP_005902_2265_COLOR,90
ESP_017170_2250_COLOR,616
PSP_002890_2205_RED,"672,673,674,675"
PSP_006251_2125_COLOR,293
ESP_058866_2180_RED,669
ESP_050262_2190_RED,115
ESP_026137_2145_RED,707
ESP_024689_1435_COLOR,754
ESP_035797_2115_COLOR,125
ESP_013160_2135_COLOR,272
ESP_032302_2190_COLOR,115
ESP_016159_2215_COLOR,70
ESP_058970_2215_RED,297
ESP_056083_2200_RED,619
ESP_037129_2145_RED,146
ESP_014354_1340_RED,864
ESP_028421_1415_RED,"757,758,759"
ESP_055098_2265_RED,"31,44,47"
ESP_057414_2150_COLOR,"316,317"
ESP_026559_2140_COLOR,"707,708"
ESP_036797_1340_COLOR,864
PSP_006609_1330_COLOR,1229
ESP_037075_1340_COLOR,891
ESP_051758_2175_COLOR,659
PSP_007808_2200_RED,619
PSP_009020_2210_RED,"389,390,395"
ESP_037214_1205_COLOR,"1231,1232"
ESP_047684_2175_RED,721
ESP_045415_2220_RED,517
PSP_001438_2160_RED,"337,338"
PSP_007742_2245_COLOR,610
ESP_058667_2195_RED,349
ESP_052232_2210_RED,"499,500,513"
ESP_047443_1360_RED,"924,926,927,928"
ESP_053392_2210_RED,"389,390,395"
ESP_049779_2215_COLOR,"360,361,362,364"
ESP_026975_2140_COLOR,122
PSP_002676_1415_COLOR,"944,945,946,947,948,951,952,1272"
ESP_018989_2245_RED,"492,494,496,497"
ESP_025593_1400_RED,935
ESP_034149_2170_COLOR,173
ESP_056698_2185_RED,151
ESP_054630_1420_RED,"1042,1043"
ESP_038063_1340_RED,864
ESP_046430_2260_COLOR,441
ESP_035036_2225_COLOR,298
ESP_050483_2240_RED,"54,55,56,58"
ESP_052509_2255_COLOR,"527,528,529,530,533,536"
ESP_046654_2185_RED,"347,348"
ESP_018866_2160_COLOR,"142,143,159"
ESP_060707_2160_RED,159
ESP_036525_1350_COLOR,"1014,1015"
ESP_040484_1325_COLOR,"1196,1199,1201"
ESP_056018_1205_COLOR,"1231,1232"
ESP_056008_2230_COLOR,51
ESP_035208_2215_COLOR,466
ESP_051265_2265_RED,"168,169"
ESP_019063_2185_COLOR,114
ESP_057010_1265_COLOR,799
PSP_003245_2205_RED,"365,366,373,374"
ESP_027279_2135_RED,170
ESP_013884_1400_COLOR,1003
ESP_028695_1300_COLOR,1191
ESP_023106_1390_COLOR,732
ESP_045809_1415_RED,1084
ESP_035828_2255_COLOR,"547,548,551"
ESP_054948_2205_RED,"400,402,404"
PSP_002679_2245_RED,676
ESP_028976_2245_COLOR,"54,55"
ESP_056285_2240_RED,"39,50,57,58"
ESP_035327_2255_COLOR,"547,548,551"
PSP_007223_2270_RED,"168,169"
PSP_005696_1380_COLOR,"999,1000,1277,1278,1279,1280"
ESP_033165_2195_COLOR,655
ESP_060140_2170_RED,161
ESP_057294_1370_RED,"1007,1008"
ESP_047281_1365_COLOR,876
ESP_032978_1390_COLOR,1054
ESP_048156_1415_RED,1084
ESP_057191_2150_COLOR,639
PSP_008519_2210_COLOR,"389,390"
ESP_012238_1315_COLOR,1140
ESP_014352_1300_RED,809
PSP_004009_1355_RED,"1119,1120"
ESP_033785_2175_COLOR,"715,716,717"
ESP_020794_1420_RED,"1081,1083,1084,1089"
ESP_018431_2270_COLOR,"168,169"
ESP_019635_2205_COLOR,"448,449"
ESP_019478_2140_COLOR,707
ESP_030225_2155_COLOR,721
ESP_013702_1450_RED,"1175,1177,1178,1179,1180,1181,1187,1189"
ESP_058671_1415_RED,"757,758"
ESP_056509_2220_RED,18
PSP_007435_1360_COLOR,912
PSP_007258_1265_COLOR,799
ESP_036921_1445_RED,"1107,1108,1109,1298,1299"
ESP_047661_1425_RED,"818,819"
ESP_035362_2190_RED,155
ESP_042966_1380_COLOR,"774,775"
ESP_020803_1355_RED,887
ESP_056764_2165_RED,"156,159,160,164,165,172"
ESP_044086_1415_RED,735
ESP_022494_1385_RED,"929,931"
ESP_021756_1395_COLOR,941
ESP_023655_1445_COLOR,"1029,1030"
ESP_046927_2160_RED,"142,156,159"
PSP_007223_2270_COLOR,"168,169"
ESP_057380_2200_COLOR,"72,73"
ESP_031820_2215_RED,637
ESP_028576_1315_RED,1140
ESP_035499_1300_RED,1191
PSP_010679_2205_RED,"194,195,197"
ESP_059479_1405_COLOR,882
ESP_026506_1300_COLOR,1191
ESP_056690_2195_COLOR,672
ESP_012026_1535_COLOR,1124
ESP_039532_1415_RED,"1042,1043"
PSP_006820_1325_RED,1229
ESP_034695_2175_COLOR,716
ESP_051748_1340_RED,769
ESP_025873_2230_RED,666
PSP_001964_1415_RED,"944,945,946,947,948,951,952,1272"
ESP_027311_1325_COLOR,1229
ESP_039519_1400_RED,"1098,1297"
ESP_037836_1405_RED,764
ESP_041367_2275_RED,"582,583"
ESP_046140_2205_RED,"448,449"
ESP_048370_1205_COLOR,"1231,1232"
ESP_028561_1410_RED,1103
ESP_048623_1385_COLOR,"774,775"
PSP_004181_2170_COLOR,352
ESP_059498_2235_COLOR,457
PSP_001846_1415_RED,1084
ESP_040147_1370_COLOR,872
ESP_037474_1380_COLOR,940
ESP_045310_2240_RED,628
ESP_057421_2180_COLOR,85
ESP_055100_1370_COLOR,872
ESP_022049_2170_RED,"654,670"
ESP_014269_1445_RED,"1184,1185,1186"
ESP_052271_1520_COLOR,1125
ESP_018453_2255_COLOR,"38,41,42"
ESP_049544_2205_RED,5
ESP_045334_1350_COLOR,"1014,1015"
PSP_007120_1380_COLOR,1019
ESP_054948_2205_COLOR,"400,402,404"
ESP_014396_1415_RED,900
PSP_007426_2180_COLOR,686
PSP_009839_2160_RED,721
ESP_050041_1415_COLOR,"946,1273"
PSP_005319_1245_COLOR,744
ESP_059518_1370_RED,872
ESP_059603_2145_RED,296
ESP_052403_2215_RED,"358,360,361,362,363,364"
ESP_049331_2215_COLOR,488
PSP_006199_2205_RED,521
ESP_043705_2225_RED,18
ESP_013739_1370_RED,1288
PSP_008148_1470_COLOR,955
ESP_059549_1370_RED,"1007,1008"
ESP_028999_1325_COLOR,1229
ESP_045335_2155_RED,277
ESP_011974_2220_RED,"498,501,511,512"
ESP_025781_2220_COLOR,712
ESP_052535_2225_COLOR,"429,430,431,432"
ESP_013333_2120_RED,680
ESP_045311_1205_COLOR,"1231,1232"
ESP_015956_2210_COLOR,408
ESP_039100_1330_RED,1230
ESP_052324_2225_RED,"429,430,431,432"
ESP_050076_1340_COLOR,864
ESP_019778_1385_COLOR,940
ESP_034463_2165_RED,"86,92"
ESP_034819_2175_RED,86
ESP_036764_2245_COLOR,"475,476,477"
ESP_013487_2190_RED,193
PSP_010240_2195_COLOR,100
ESP_045967_1390_RED,"1034,1054"
ESP_023565_2225_RED,576
ESP_045348_2115_COLOR,"229,231,232"
ESP_036685_2220_COLOR,"501,509,510,511,512"
PSP_007171_2145_RED,192
ESP_027639_2210_COLOR,"373,375"
ESP_045323_2200_RED,"566,567,579,580,581"
ESP_016970_1410_COLOR,"1076,1077,1078"
ESP_052052_2270_RED,38
PSP_010841_2140_COLOR,"707,708"
ESP_024580_2220_RED,"488,501"
ESP_048584_1430_RED,"817,819,820"
ESP_051175_1430_RED,"976,977,978,1274"
ESP_018936_2210_RED,"406,410,411,412"
ESP_036817_2255_RED,"525,527"
ESP_012708_2150_RED,142
ESP_056551_2145_RED,108
PSP_005895_2115_COLOR,312
ESP_026676_2230_RED,307
ESP_050135_2225_COLOR,"356,359"
ESP_044658_1380_COLOR,893
ESP_012883_2135_COLOR,272
ESP_046756_1375_RED,905
ESP_049410_2245_COLOR,"476,477,478,479"
ESP_046861_2155_COLOR,142
ESP_014414_2205_COLOR,619
PSP_007120_1380_RED,1019
ESP_052259_2145_RED,640
PSP_002098_2220_COLOR,"501,509,510,511,512"
ESP_048066_2170_COLOR,"654,670"
ESP_034287_2185_RED,"1,2"
PSP_006672_1420_COLOR,"1082,1083,1084"
PSP_010345_2150_RED,83
ESP_037773_1375_COLOR,872
ESP_029576_1350_RED,"1014,1015"
ESP_051758_2175_RED,659
ESP_034074_2220_COLOR,"488,501"
ESP_050465_2240_COLOR,"492,493"
ESP_046711_1335_RED,769
ESP_025306_2240_RED,661
ESP_018936_2210_COLOR,"406,411,412"
ESP_055925_1480_RED,"1205,1206,1207"
ESP_019354_2170_RED,"161,162"
ESP_018951_1205_RED,"1231,1232"
ESP_012955_1340_COLOR,1268
ESP_027531_1395_COLOR,"918,919,920,921"
PSP_002155_1270_RED,"797,798,799,1264"
PSP_005762_1405_RED,"1044,1045,1047,1048,1049,1050,1051,1052,1053"
ESP_035934_2215_RED,"623,631"
PSP_009285_2140_COLOR,"707,708,709"
ESP_051032_2220_RED,"488,501,512"
ESP_027258_2160_RED,721
ESP_049621_2210_RED,"464,466,468"
ESP_050746_1375_RED,780
PSP_006224_1385_RED,"1112,1113"
ESP_052681_2240_RED,"660,661"
PSP_009437_2190_COLOR,115
ESP_054841_1405_COLOR,"1044,1045,1047,1048,1049,1051,1052,1053"
ESP_029457_1455_RED,"942,943"
ESP_049217_2245_COLOR,"50,57"
ESP_022112_1435_RED,"953,954"
PSP_007832_1385_RED,"1018,1026,1290"
ESP_026374_2230_RED,648
ESP_025926_2170_RED,"692,693,694,695"
ESP_041971_1415_COLOR,"946,947,949,950,951,952,1271,1272"
ESP_045756_1390_RED,"1060,1062"
ESP_045310_2240_COLOR,628
ESP_036342_2205_RED,"464,468"
ESP_049823_1375_COLOR,781
ESP_046106_1390_COLOR,844
PSP_003246_2180_COLOR,"653,668,669"
ESP_055014_2265_RED,441
PSP_005663_2195_COLOR,48
ESP_033599_2160_COLOR,"340,341"
ESP_050329_1420_COLOR,900
ESP_014288_2165_COLOR,92
ESP_055883_1405_RED,1098
ESP_027134_1420_RED,900
ESP_020530_1370_RED,"1007,1008,1287,1288"
ESP_037251_2120_RED,"218,235"
ESP_039944_1325_RED,1229
ESP_035287_2225_RED,"429,430,432,433"
PSP_008809_2215_COLOR,"358,360,361,362,363,364"
ESP_036696_1470_COLOR,955
ESP_050041_1415_RED,"946,1273"
ESP_035040_1325_RED,742
PSP_003349_1475_RED,"1057,1058"
ESP_028985_2245_COLOR,628
ESP_046514_2250_COLOR,"39,40,43"
ESP_058970_2215_COLOR,297
ESP_016403_1410_RED,"1071,1072,1073,1074,1086,1292,1293,1294"
ESP_026002_1415_RED,"949,950,951,952,1271,1272"
ESP_057063_1300_RED,809
ESP_053326_2215_RED,"358,360,361,362,364"
ESP_057005_1525_COLOR,1124
ESP_049503_2210_COLOR,"614,615,618"
ESP_029062_1415_COLOR,"1084,1089"
ESP_027695_1390_RED,732
PSP_005778_2140_RED,"707,708"
ESP_047908_2175_RED,"693,694"
ESP_056439_2225_RED,591
ESP_020543_1345_RED,"979,980"
PSP_007795_2175_COLOR,659
ESP_028642_2200_RED,573
ESP_016801_2205_COLOR,673
PSP_001714_1415_COLOR,1084
PSP_007808_2200_COLOR,619
ESP_050843_2195_RED,138
ESP_033047_1325_COLOR,1229
ESP_039245_1325_COLOR,1229
ESP_045226_2160_RED,159
ESP_057426_1350_COLOR,"1014,1015"
PSP_006902_1275_RED,"797,798,1264,1265"
ESP_029042_2180_RED,53
ESP_036815_1445_COLOR,1029
ESP_051322_2210_RED,"464,465,466,467"
PSP_007515_1405_COLOR,933
PSP_006744_2295_COLOR,"22,23,24,25"
ESP_048645_2215_RED,373
ESP_025726_1410_RED,1116
ESP_028561_1410_COLOR,1103
TRA_000831_2220_RED,364
ESP_060314_1470_RED,"1057,1058"
ESP_037585_1325_COLOR,742
ESP_036921_1445_COLOR,"1107,1108,1298,1299"
ESP_045868_2245_COLOR,54
ESP_037343_1445_RED,"1107,1108,1109,1298,1299"
ESP_049502_2230_RED,356
ESP_016537_2210_COLOR,"607,615"
ESP_024050_1385_COLOR,"930,931"
ESP_057679_2230_RED,621
ESP_055015_1300_RED,1191
ESP_035818_1320_COLOR,742
ESP_022775_1205_COLOR,"1231,1232"
ESP_040130_1390_RED,732
ESP_028914_2115_COLOR,125
ESP_048960_1385_RED,"1018,1026"
ESP_039888_1415_COLOR,"1042,1043"
ESP_017148_2205_RED,"70,73"
ESP_049208_2165_RED,"143,159"
ESP_047180_1375_COLOR,"1018,1019"
PSP_009033_2155_COLOR,"324,338"
ESP_034972_2175_COLOR,716
ESP_044411_1390_RED,"1031,1032,1033,1054"
ESP_018866_2160_RED,"142,143,159"
ESP_030045_1340_RED,1269
ESP_046087_2225_RED,"356,359"
ESP_028334_2160_COLOR,"161,172,173"
ESP_014180_1335_COLOR,771
ESP_024732_1360_RED,876
ESP_056647_2195_RED,198
ESP_022181_2115_COLOR,680
ESP_048145_1450_COLOR,"1184,1185"
ESP_027846_2190_COLOR,155
PSP_005843_2260_RED,525
ESP_016673_2255_RED,"41,42"
ESP_057340_1300_COLOR,809
ESP_037636_1205_COLOR,"1231,1232"
ESP_035396_1320_COLOR,742
PSP_007479_2160_RED,721
ESP_041222_2210_COLOR,"614,615,618"
PSP_003692_1415_RED,"1072,1083,1084"
ESP_012448_1240_RED,1121
ESP_046382_2295_RED,"22,23"
ESP_025440_1390_RED,732
ESP_024921_1440_RED,"1029,1030"
ESP_046209_1390_RED,732
ESP_046673_1350_COLOR,"838,839,840,842"
ESP_036338_1420_RED,900
ESP_022856_1395_RED,745
ESP_045085_2205_RED,"419,420"
ESP_017741_2255_COLOR,"41,42"
ESP_057426_1350_RED,"1014,1015,1289"
ESP_025501_1450_COLOR,983
ESP_058974_1325_COLOR,742
ESP_035449_1410_COLOR,759
ESP_051177_2230_COLOR,481
ESP_049621_2210_COLOR,"464,466"
ESP_050760_2240_RED,"54,55,56,58"
ESP_035526_1375_COLOR,"1234,1235"
ESP_017169_2235_RED,369
ESP_027573_2190_RED,359
ESP_051797_2260_RED,"527,531,534,536"
PSP_002782_1405_COLOR,"1047,1048,1051"
ESP_059549_1370_COLOR,"1007,1008"
ESP_057600_2245_COLOR,"660,661"
PSP_001938_1405_COLOR,"1047,1048,1051"
ESP_013673_1380_COLOR,"999,1000,1277,1278,1279,1280"
ESP_037444_1430_RED,885
ESP_057294_1370_COLOR,"1007,1008"
PSP_001978_1445_COLOR,"1107,1108,1298,1299"
PSP_008753_2145_COLOR,192
ESP_015917_1320_RED,1140
PSP_005882_2140_COLOR,"328,329,330,331,332"
ESP_032557_1535_COLOR,1124
ESP_052147_1435_RED,885
ESP_046857_2180_COLOR,53
ESP_054025_2225_RED,"429,430,431,432"
ESP_013541_1415_RED,"944,945,946,948"
ESP_025873_2230_COLOR,666
ESP_014058_1450_COLOR,"1172,1176"
ESP_016665_1405_RED,911
PSP_005187_1390_COLOR,"745,746"
ESP_057463_2140_COLOR,146
ESP_056188_2220_RED,"498,501,512,515"
ESP_049199_2210_RED,"464,465,466,467"
ESP_058140_2225_RED,489
PSP_008320_1410_RED,"1071,1072,1073,1074,1082,1293,1294"
ESP_052232_2210_COLOR,499
ESP_020822_2220_RED,"501,512"
ESP_056074_2205_RED,64
ESP_037357_2120_RED,310
ESP_016353_2165_RED,721
ESP_056070_2230_RED,671
ESP_028695_1300_RED,1191
ESP_043648_2255_RED,"540,541,543,544"
ESP_049696_2170_RED,"172,173"
ESP_036563_2190_RED,193
ESP_024580_2220_COLOR,"488,501"
ESP_020467_2140_COLOR,708
ESP_036338_1420_COLOR,900
PSP_003576_2165_COLOR,718
ESP_025926_2170_COLOR,"693,694,695"
ESP_055263_1385_RED,"1033,1034,1035,1036,1054"
ESP_053656_2205_RED,491
ESP_055150_1310_COLOR,773
ESP_045098_2175_RED,"346,347"
ESP_049124_1385_COLOR,774
ESP_057986_2270_RED,7
ESP_017324_2145_RED,192
ESP_047380_2220_COLOR,"569,570,571"
PSP_004285_1375_RED,"1000,1277,1279,1280"
PSP_010276_1410_RED,735
PSP_001390_2290_COLOR,15
ESP_018831_2255_RED,"527,531,534"
ESP_057449_1370_RED,"893,894"
ESP_055822_1350_RED,743
ESP_037335_1330_COLOR,770
ESP_016408_1435_COLOR,"747,748"
ESP_017324_2145_COLOR,192
ESP_055673_2125_RED,"302,303,304"
ESP_046194_2165_COLOR,721
ESP_056412_2225_RED,438
ESP_036782_2265_COLOR,"31,45,47"
PSP_003668_1325_RED,"1196,1197,1198,1199,1201"
ESP_052179_2215_COLOR,427
ESP_033772_2155_RED,721
ESP_048845_2185_RED,"1,2"
ESP_045864_1300_RED,1191
ESP_013531_2140_RED,707
ESP_028723_1420_COLOR,728
ESP_043964_2210_RED,"408,409,412,413,414"
ESP_054973_1405_RED,"1066,1067,1068"
ESP_047963_1305_RED,741
ESP_024486_1435_COLOR,1064
ESP_026557_2100_RED,227
PSP_005895_2115_RED,312
ESP_028180_2195_COLOR,491
ESP_013858_1405_RED,"1074,1293"
PSP_010240_2195_RED,100
ESP_054939_1315_RED,767
ESP_046890_1355_COLOR,"1015,1289"
ESP_012592_1405_RED,"1047,1048"
ESP_028567_1300_COLOR,809
ESP_048789_1445_RED,"1107,1108,1109,1298,1299"
ESP_026532_2175_RED,"589,590"
ESP_020741_1445_RED,"1029,1030"
ESP_057727_1420_COLOR,900
ESP_028046_1430_RED,"953,954"
ESP_059006_2170_COLOR,"160,165"
ESP_020055_1410_RED,"944,945,947,948,949,951,952,1272"
ESP_050361_1325_COLOR,1229
PSP_003231_2095_COLOR,227
ESP_032978_1390_RED,1054
PSP_004285_1375_COLOR,"1000,1279,1280"
ESP_037648_1435_COLOR,1163
ESP_046219_2225_COLOR,426
ESP_047938_2265_COLOR,"31,32,38"
ESP_028402_1455_COLOR,"942,943"
ESP_031161_2140_COLOR,707
ESP_016863_1460_COLOR,916
ESP_035078_2185_COLOR,"1,2"
ESP_023677_2140_RED,108
PSP_006199_2205_COLOR,521
ESP_027062_1390_RED,732
ESP_053577_2210_COLOR,521
ESP_036562_2180_RED,150
ESP_045363_1300_COLOR,1191
ESP_057573_1445_COLOR,1131
ESP_047670_1345_COLOR,"1137,1139"
ESP_016561_1375_RED,"1018,1025,1026"
ESP_056938_1380_RED,"1026,1290,1291"
ESP_019728_2205_RED,619
ESP_045999_1400_RED,776
ESP_047180_1375_RED,"1018,1019"
ESP_012593_1530_RED,1124
ESP_025422_1395_COLOR,1006
ESP_045868_2245_RED,54
ESP_038970_1270_RED,736
ESP_059242_1335_RED,"888,891"
ESP_052610_2175_COLOR,145
ESP_017314_2230_COLOR,"354,355,359"
ESP_054526_2220_RED,"396,397"
ESP_020356_2245_RED,149
ESP_025557_2175_RED,725
ESP_023497_1395_RED,"1031,1032,1035"
ESP_052100_2245_COLOR,"476,477"
ESP_028390_1355_RED,"1119,1120"
ESP_046927_2160_COLOR,"142,156,159"
ESP_059296_2160_COLOR,"142,159"
TRA_000871_2215_RED,"498,515"
ESP_017698_2155_COLOR,721
ESP_016801_1300_RED,"1191,1195"
ESP_024657_1440_COLOR,"960,961,962,963"
ESP_056082_2185_RED,344
ESP_022605_1390_COLOR,732
PSP_005333_1275_RED,"798,799,1264,1265"
PSP_005195_1380_RED,"1018,1026,1290,1291"
ESP_025291_2100_RED,204
ESP_025353_2140_COLOR,122
ESP_058576_1480_RED,"1205,1206,1207"
ESP_049344_2225_COLOR,"430,431,432,433"
ESP_058729_2170_COLOR,"160,165"
ESP_019478_2140_RED,707
ESP_017232_1405_RED,911
ESP_027331_2140_COLOR,122
ESP_047661_1425_COLOR,818
ESP_018911_2135_RED,708
ESP_048222_1445_RED,"1107,1108,1109,1298,1299"
ESP_058916_1370_COLOR,"1007,1008,1287,1288"
ESP_013884_1400_RED,"1002,1003"
ESP_051824_2185_RED,653
ESP_028679_1390_RED,941
ESP_055174_1205_RED,"1231,1232"
ESP_027507_2190_RED,359
ESP_013587_1285_RED,"801,804"
ESP_016078_1415_COLOR,735
ESP_047684_2175_COLOR,721
ESP_013304_1405_COLOR,"1047,1048,1049,1050,1051,1052,1053"
ESP_043964_2210_COLOR,"408,409,412,413,414"
PSP_006806_2215_COLOR,619
ESP_028482_1445_RED,"1107,1108,1109,1298,1299"
ESP_057722_1375_RED,"780,781"
ESP_020270_2185_COLOR,2
ESP_018279_2200_RED,5
ESP_046220_2235_COLOR,"658,671"
ESP_046481_1440_COLOR,"987,991"
ESP_011310_1395_RED,898
PSP_008296_2175_COLOR,659
ESP_055080_2205_RED,464
ESP_037444_1430_COLOR,885
ESP_015947_1370_RED,772
ESP_024538_1470_COLOR,932
ESP_033243_2165_RED,338
ESP_028870_1275_COLOR,"797,1264,1265"
ESP_056939_1440_RED,"1122,1123"
ESP_058795_2155_RED,"142,156,159"
ESP_046566_1335_RED,769
ESP_036369_2170_COLOR,"594,595"
ESP_016642_2215_RED,"499,500,515"
ESP_043648_2255_COLOR,"540,541,543"
PSP_005459_1405_RED,"1098,1297"
ESP_026542_2210_COLOR,"196,197"
ESP_049639_2265_RED,"31,32,38"
ESP_031119_1405_COLOR,"1085,1292"
ESP_024884_2215_COLOR,657
PSP_008888_2160_RED,"324,334,338,339,340,341"
PSP_006159_2205_RED,"364,366"
ESP_042512_1390_COLOR,"1034,1054"
ESP_023365_1445_COLOR,"1029,1030"
PSP_003510_2165_RED,718
ESP_043771_2225_COLOR,18
ESP_056096_2200_RED,"573,574,580,581,584,585,586,587,588"
ESP_022422_1300_RED,809
ESP_042452_1290_RED,"792,794"
ESP_016775_2175_COLOR,"724,725"
ESP_058866_1480_RED,"1205,1206,1207"
ESP_027035_1420_RED,"728,729"
ESP_040787_2210_RED,"614,615,618"
ESP_025224_1440_COLOR,"967,968,969,970"
ESP_049841_2150_COLOR,"146,147"
ESP_042817_2220_COLOR,"488,501,512"
ESP_053458_2225_COLOR,"429,430,433"
PSP_003270_1405_RED,"1071,1072,1075"
ESP_056412_2225_COLOR,438
ESP_023642_1435_RED,1063
ESP_036905_1420_RED,900
ESP_054480_2180_COLOR,93
ESP_048370_1205_RED,"1231,1232"
ESP_046061_2190_COLOR,491
ESP_057749_1430_RED,821
PSP_003922_1275_RED,"798,799,1264"
ESP_025305_2225_COLOR,"434,436,437,438"
ESP_053998_2135_RED,267
ESP_013304_1405_RED,"1047,1048,1049,1050,1051,1052,1053"
ESP_060197_2220_COLOR,"501,512"
ESP_016022_2225_COLOR,"434,436,437"
ESP_046514_2250_RED,"39,40,43"
ESP_027279_2135_COLOR,170
ESP_016612_1345_RED,910
ESP_059536_1375_RED,1055
ESP_033964_1410_RED,897
ESP_016022_2225_RED,"428,434,436,437"
ESP_020001_2190_COLOR,193
ESP_055385_1205_COLOR,"1231,1232"
ESP_023807_2215_COLOR,70
ESP_050557_2280_COLOR,394
PSP_003576_2165_RED,718
ESP_025726_1410_COLOR,1116
ESP_036858_1205_RED,"1231,1232"
PSP_002902_2205_RED,"365,366,373,374"
PSP_009363_2240_RED,472
ESP_017231_2160_COLOR,"156,159"
ESP_016207_2260_RED,"536,540,542"
PSP_005433_1400_COLOR,"1117,1301,1302"
ESP_057521_2115_RED,680
ESP_055408_1375_COLOR,1019
PSP_009285_2140_RED,"707,708,709"
ESP_023605_2205_RED,"673,674"
ESP_045309_2145_COLOR,332
ESP_028983_1410_COLOR,1103
ESP_057770_1440_COLOR,1122
PSP_001330_1395_RED,"918,919,920,921"
ESP_046534_1400_COLOR,1049
ESP_038453_1325_COLOR,"1196,1197,1198,1199,1201"
ESP_037279_2225_RED,"658,666"
PSP_007624_2160_COLOR,721
ESP_028127_2205_COLOR,"401,402,403,404"
ESP_020835_2215_COLOR,"424,425"
ESP_048979_1330_COLOR,771
ESP_015994_1380_COLOR,"1018,1019"
ESP_046046_1380_RED,1019
PSP_010841_2140_RED,"707,708"
ESP_055572_1320_RED,767
ESP_018911_2135_COLOR,708
ESP_029411_2255_COLOR,"38,41"
ESP_053735_2225_COLOR,482
ESP_028292_2165_RED,87
ESP_046092_2300_RED,26
ESP_018725_2215_RED,"360,363,364"
ESP_025291_2100_COLOR,204
ESP_029344_1415_COLOR,"757,758"
PSP_002246_1390_RED,732
ESP_050229_1330_COLOR,1229
ESP_037279_2225_COLOR,"658,666"
ESP_055731_1435_RED,821
ESP_016706_1380_RED,"986,999,1000,1277,1278,1279,1280"
ESP_016159_2215_RED,70
ESP_042238_2170_RED,"717,718"
PSP_006901_1325_RED,742
ESP_036782_2265_RED,"31,45,47"
PSP_001978_1445_RED,"1107,1108,1109,1298,1299"
ESP_020583_1420_RED,1082
ESP_027846_2190_RED,155
ESP_049823_1375_RED,781
ESP_046740_2175_COLOR,86
ESP_050074_2300_RED,"22,23,24,25"
PSP_007096_2215_COLOR,619
ESP_037579_1395_RED,"922,923"
ESP_026993_2255_COLOR,"485,486"
ESP_026559_2140_RED,"707,708"
ESP_035934_2215_COLOR,631
PSP_006961_2195_COLOR,"198,200"
ESP_038248_1440_RED,879
ESP_031758_1295_COLOR,816
ESP_026545_2255_COLOR,"543,544,545,546,548"
PSP_007002_1410_COLOR,1116
PSP_006134_2145_RED,"707,709,710"
ESP_014288_2165_RED,92
PSP_009811_2155_COLOR,"324,326"
ESP_055276_1385_RED,"999,1000,1277,1278"
ESP_040490_1365_COLOR,876
ESP_017798_2160_RED,"142,156,159"
ESP_017161_2180_COLOR,53
ESP_052170_1385_COLOR,774
ESP_036514_2210_COLOR,"566,567,577,578,580"
ESP_055945_1360_RED,892
ESP_054774_1395_RED,"918,919,920,921"
PSP_009719_2230_RED,"452,455,458"
ESP_057655_1390_RED,"733,734"
ESP_045348_2115_RED,"229,231,232"
ESP_020543_1345_COLOR,"979,980"
ESP_042413_2250_RED,"39,40,43,46"
ESP_026875_2215_COLOR,"614,615"
ESP_026782_2245_RED,"476,477,478"
ESP_017170_2250_RED,616
ESP_023565_2225_COLOR,576
ESP_016286_2210_RED,521
ESP_015917_1320_COLOR,1140
ESP_026374_2230_COLOR,648
ESP_037477_1300_COLOR,1195
ESP_056254_2250_COLOR,525
ESP_050285_2300_RED,"22,23,24,25"
ESP_016656_2205_RED,673
ESP_049753_2230_RED,502
ESP_048006_1370_COLOR,872
ESP_054938_1390_RED,732
ESP_039799_1205_COLOR,"1231,1232"
ESP_019503_2210_RED,"408,409,412"
ESP_036949_2255_RED,"547,548,549,550"
ESP_043147_2275_COLOR,583
ESP_018460_1410_RED,"1076,1077"
ESP_035630_2250_RED,"485,486,487"
ESP_037364_1340_RED,864
ESP_043125_2250_COLOR,"39,40,43"
ESP_026042_1470_COLOR,1057
ESP_046653_1465_COLOR,1105
ESP_044101_2180_COLOR,53
ESP_057749_2250_COLOR,"39,40"
ESP_057076_1295_RED,"804,805"
ESP_056254_2250_RED,525
ESP_046219_2225_RED,"423,426"
ESP_034563_2140_COLOR,708
ESP_024433_1435_RED,"1004,1005"
PSP_003916_1390_RED,"1031,1032,1036"
ESP_019070_2185_RED,"1,2"
PSP_004192_2195_RED,198
ESP_026506_1300_RED,1191
ESP_042659_2250_COLOR,541
ESP_046046_1380_COLOR,1019
PSP_007650_1300_RED,"1191,1193,1194,1195"
ESP_052720_2250_COLOR,"526,527"
ESP_036905_1420_COLOR,900
ESP_056004_2255_COLOR,663
ESP_026459_1340_COLOR,864
ESP_040925_1375_RED,872
ESP_020720_1410_RED,759
ESP_045085_2205_COLOR,"419,420"
ESP_011398_1275_RED,"797,798,1264,1265"
ESP_026372_1445_RED,1299
ESP_017564_2090_RED,206
ESP_036474_2240_RED,"492,493"
ESP_026915_2145_RED,707
ESP_052021_2210_COLOR,"499,513"
ESP_029961_1305_COLOR,1195
ESP_047632_2185_RED,"1,2"
ESP_037814_2140_RED,"116,117,118"
ESP_039232_1205_COLOR,"1231,1232"
ESP_037401_1330_COLOR,770
ESP_049573_2265_COLOR,"31,32,38"
ESP_028343_2245_COLOR,54
ESP_017169_2235_COLOR,369
ESP_059441_2185_RED,"151,152"
ESP_027494_2215_RED,"423,424,425,426"
ESP_057652_2215_COLOR,480
ESP_028194_1300_RED,1191
PSP_002411_2190_RED,193
ESP_057722_1375_COLOR,"780,781"
ESP_029536_1400_RED,"934,935"
ESP_019982_1335_COLOR,771
ESP_055428_1280_COLOR,"829,830,832"
ESP_047380_2220_RED,"568,569,570,571"
ESP_020597_2135_COLOR,"272,273"
PSP_007110_1325_COLOR,1229
ESP_019640_2175_RED,69
ESP_024710_1350_RED,"1014,1015"
ESP_036949_2255_COLOR,"548,549,550"
PSP_003217_1355_RED,"1014,1015,1289"
ESP_055436_1500_COLOR,1128
ESP_046720_2230_RED,381
ESP_016035_2185_COLOR,359
ESP_057397_2160_RED,"143,144"
ESP_028390_1355_COLOR,"1119,1120"
ESP_050285_2300_COLOR,"22,23,24,25"
PSP_004898_1315_COLOR,809
ESP_019559_1390_COLOR,732
ESP_046606_1295_RED,804
PSP_010396_2405_RED,"19,20"
ESP_021560_2170_COLOR,352
PSP_008312_1415_COLOR,"757,758,759"
ESP_036539_2100_RED,227
ESP_059507_2155_RED,"142,159"
ESP_058382_2250_RED,"39,40"
PSP_001438_2160_COLOR,338
ESP_042415_1375_RED,872
ESP_025781_2220_RED,712
PSP_010696_2140_COLOR,"707,708"
ESP_027665_2225_RED,298
ESP_028180_2195_RED,491
ESP_027494_2215_COLOR,"423,424,425,426"
ESP_046318_2160_RED,"87,88,91,92"
ESP_029581_1275_RED,736
PSP_009455_2215_COLOR,"358,360,361,362,363,364"
ESP_049107_2255_COLOR,"527,536"
ESP_048913_1330_RED,771
ESP_057839_1420_RED,728
PSP_005778_2140_COLOR,"707,708"
ESP_027823_2100_RED,204
PSP_001794_2190_COLOR,288
ESP_016801_1300_COLOR,"1191,1195"
ESP_053789_2165_RED,721
ESP_058008_2225_RED,"434,438,439"
ESP_048791_1450_COLOR,"1172,1184"
ESP_027350_1300_COLOR,1191
ESP_046936_2235_COLOR,51
ESP_037251_2120_COLOR,"218,235"
ESP_011974_2220_COLOR,"501,512"
PSP_004019_1420_COLOR,900
ESP_056966_2220_RED,453
ESP_052127_2225_RED,"612,619"
ESP_013877_1270_RED,"1264,1265"
PSP_007515_1405_RED,933
ESP_031119_1405_RED,"1085,1087,1088,1292"
ESP_050329_1420_RED,900
PSP_008639_2135_RED,708
ESP_035643_2215_RED,"421,422"
ESP_016035_2185_RED,359
ESP_019003_1300_COLOR,1191
ESP_016286_2210_COLOR,521
ESP_057903_1390_COLOR,1144
ESP_017143_2215_COLOR,488
PSP_007529_1415_RED,"1084,1089"
ESP_031910_1420_RED,"1082,1083,1084"
PSP_001330_1395_COLOR,"918,919,920,921"
ESP_019069_2200_COLOR,672
ESP_036797_1340_RED,864
PSP_008598_2155_COLOR,"324,326,338"
ESP_020425_1445_RED,"1107,1108,1109,1298,1299"
PSP_009020_2210_COLOR,"389,390"
ESP_012383_1315_COLOR,1140
ESP_026501_1420_RED,900
ESP_023033_1420_RED,900
ESP_016141_2260_RED,"527,531,534,536"
ESP_046061_2190_RED,491
PSP_010340_2140_COLOR,707
ESP_036871_1325_COLOR,1229
TRA_000844_2145_RED,314
ESP_027143_2245_COLOR,54
ESP_025646_1440_COLOR,"958,960,965,966,967,968,969"
ESP_054728_1370_RED,772
ESP_016537_2210_RED,"607,615"
ESP_059338_1370_RED,"1007,1008,1282,1287,1288"
PSP_008810_2225_RED,650
ESP_019728_2205_COLOR,619
ESP_016076_2175_RED,"715,716"
ESP_017741_2255_RED,"41,42"
ESP_028615_2220_RED,"428,438"
PSP_009773_2165_COLOR,721
ESP_044327_1375_COLOR,872
ESP_013165_1275_COLOR,"797,1264,1265"
ESP_045863_2265_RED,"416,417,418"
ESP_055100_1370_RED,872
ESP_049371_2175_COLOR,"593,594,596"
ESP_043824_2180_COLOR,53
ESP_024461_2210_COLOR,364
PSP_005696_1380_RED,"999,1000,1277,1278,1279,1280"
ESP_013146_1415_COLOR,"1072,1085,1292"
ESP_050746_1375_COLOR,780
ESP_052509_2255_RED,"527,528,529,530,532,533,536"
ESP_035797_2115_RED,125
ESP_027956_2255_RED,"527,534"
ESP_028211_2295_RED,29
PSP_004832_1310_COLOR,1267
ESP_024958_2150_COLOR,142
ESP_057296_2200_RED,521
ESP_057756_1420_RED,"1091,1093,1094,1095,1096"
ESP_021641_1205_RED,"1231,1232"
ESP_027639_2210_RED,"364,372,373,375"
ESP_036393_1400_COLOR,"1003,1283,1284"
ESP_016561_1375_COLOR,"1018,1025,1026"
PSP_010274_2140_RED,"707,708"
ESP_051284_1325_RED,1229
PSP_008269_2250_COLOR,525
ESP_028699_2190_RED,48
ESP_053043_1375_RED,872
ESP_057765_1355_COLOR,887
ESP_012917_1365_COLOR,876
ESP_042198_2235_RED,"648,652"
ESP_042778_2225_COLOR,"612,619"
ESP_034153_2245_COLOR,398
PSP_001843_2115_RED,125
PSP_009612_1390_COLOR,1069
ESP_057968_2175_RED,319
ESP_020188_2130_COLOR,248
PSP_001768_2160_RED,"337,338"
ESP_058593_2195_RED,"35,36,48"
PSP_010695_2225_COLOR,"501,509,511"
ESP_035143_1325_COLOR,"1196,1197,1198,1199,1201"
ESP_054900_2305_COLOR,23
PSP_007426_2180_RED,686
PSP_010758_1395_RED,"918,919,920,921"
PSP_001558_1325_COLOR,"1196,1197,1198,1199,1201,1202"
PSP_009733_2240_RED,660
ESP_048810_2175_RED,86
ESP_024921_1440_COLOR,1030
ESP_054526_2220_COLOR,"396,397"
ESP_020741_1445_COLOR,"1029,1030"
ESP_054434_2205_COLOR,498
ESP_053577_2210_RED,521
ESP_038408_1450_COLOR,899
ESP_023273_1415_COLOR,1084
ESP_028870_1275_RED,"797,798,1264,1265"
ESP_058667_2195_COLOR,349
ESP_041406_2210_RED,"406,407,408,409,410,411,412,413,414"
AEB_000001_0150_RED,"797,798,799,1264,1265"
ESP_042558_2250_RED,"38,39,40,41,42,43"
ESP_037553_1405_COLOR,"934,935"
ESP_034707_2255_RED,486
ESP_046540_1275_COLOR,798
ESP_049107_2255_RED,"527,536"
ESP_028007_1415_COLOR,"1072,1083,1085,1292,1293"
ESP_037276_1405_RED,935
ESP_049999_1450_RED,899
ESP_019462_1390_RED,1054
PSP_006232_2190_COLOR,"102,103"
ESP_058974_1325_RED,742
ESP_057402_2250_COLOR,"626,627,628"
ESP_051075_1320_RED,742
ESP_033584_1405_RED,934
PSP_009588_2175_COLOR,659
ESP_025517_2180_COLOR,"668,669"
ESP_019770_1390_RED,732
ESP_049555_2225_COLOR,"434,435,438,439"
ESP_045371_2245_COLOR,149
ESP_048658_1520_RED,1125
ESP_017089_1430_RED,1110
ESP_033785_2175_RED,"715,716,717"
ESP_057477_1350_COLOR,910
ESP_024883_2245_COLOR,398
ESP_020794_1420_COLOR,"1081,1083,1084"
ESP_028652_2210_RED,"194,195,196,197"
ESP_049573_2265_RED,"31,32,38"
ESP_020438_1415_COLOR,1084
ESP_052680_2210_RED,"408,409,412"
ESP_028352_2245_COLOR,"616,626,627,628,629"
PSP_003694_2205_RED,"601,605"
ESP_038970_1270_COLOR,736
ESP_046468_1380_COLOR,"1018,1019,1024,1025,1290"
PSP_001858_2195_RED,198
ESP_053549_1415_COLOR,1084
ESP_047908_2175_COLOR,"693,694"
ESP_020293_1410_RED,"1085,1088,1292"
ESP_047476_1330_RED,771
ESP_029462_1385_COLOR,732
ESP_017130_2255_RED,"540,541,543,544"
ESP_057757_1520_RED,1125
ESP_028179_2090_RED,206
PSP_002246_1390_COLOR,732
ESP_016416_1475_COLOR,"1057,1058"
ESP_048749_1375_RED,"1016,1017,1018,1019"
ESP_016752_2300_RED,"24,25"
PSP_009956_2160_RED,338
ESP_024697_1350_RED,"1014,1015"
ESP_054601_2120_RED,125
PSP_006845_2215_COLOR,"498,501,516"
ESP_055040_2120_RED,311
ESP_024433_1435_COLOR,"1004,1005"
ESP_019333_2140_RED,707
ESP_047443_1360_COLOR,"924,926,927,928"
ESP_035589_1415_RED,1084
ESP_037611_1390_COLOR,732
ESP_025714_2220_COLOR,501
ESP_021901_1395_RED,941
ESP_020559_1300_RED,1191
ESP_045245_1205_COLOR,"1231,1232"
PSP_007742_2245_RED,610
ESP_057563_1350_RED,743
ESP_019567_1385_RED,940
ESP_024657_1440_RED,"960,961,962,963,964"
ESP_024328_1455_COLOR,1106
PSP_009856_2205_COLOR,73
ESP_017194_1405_COLOR,"1045,1046,1048,1051"
ESP_056930_1245_RED,744
ESP_013587_1285_COLOR,"801,804"
ESP_027508_2245_RED,"626,627,628,629"
ESP_054938_1390_COLOR,732
ESP_040272_2260_RED,"444,445"
ESP_028775_1205_RED,"1231,1232"
ESP_046428_1420_COLOR,"936,937"
ESP_024238_1325_COLOR,"1196,1197,1198,1199,1201"
ESP_019770_1390_COLOR,732
ESP_056930_1245_COLOR,744
ESP_049217_2245_RED,"50,57"
ESP_058593_2195_COLOR,48
ESP_056285_2240_COLOR,"39,50,57,58"
ESP_050482_1405_RED,764
ESP_020558_2215_RED,"423,424,425"
ESP_011983_2080_COLOR,"174,175"
ESP_023472_2225_RED,383
ESP_028055_1365_COLOR,876
ESP_059489_1325_COLOR,771
ESP_049832_2230_COLOR,456
ESP_023662_1280_COLOR,833
ESP_030663_1335_COLOR,771
ESP_016140_2140_RED,260
ESP_051322_2210_COLOR,"464,466,467"
ESP_058467_2195_RED,"198,199,200"
ESP_030056_1420_COLOR,"755,756"
PSP_006646_1415_COLOR,1116
ESP_019768_2220_RED,"696,697"
ESP_049199_2210_COLOR,"464,465,466,467"
ESP_053789_2165_COLOR,721
ESP_029411_2255_RED,"38,41"
ESP_014414_2205_RED,619
ESP_058729_2170_RED,"160,164,165"
ESP_030596_1385_RED,732
ESP_055722_2160_RED,"142,159"
ESP_013941_1420_COLOR,728
PSP_004235_1300_RED,1193
ESP_039532_1415_COLOR,"1042,1043"
ESP_036995_1410_COLOR,"870,871"
ESP_052826_2240_RED,648
ESP_028983_1410_RED,1103
ESP_029963_1385_RED,732
ESP_024615_2120_COLOR,124
ESP_046707_2220_RED,453
ESP_038408_1450_RED,899
PSP_008753_2145_RED,192
ESP_028142_1205_COLOR,"1231,1232"
ESP_045334_1350_RED,"1014,1015,1289"
ESP_019781_1300_RED,1191
PSP_010257_2205_RED,"194,195,196,197"
ESP_016970_1410_RED,"1076,1077,1078"
ESP_016271_1475_COLOR,"1057,1058"
ESP_028976_2245_RED,"54,55"
ESP_029131_1205_RED,"1231,1232"
ESP_036369_2170_RED,"594,595"
ESP_051256_2220_RED,453
ESP_017798_2160_COLOR,"142,156,159"
ESP_050197_2150_RED,142
ESP_020121_1410_COLOR,"944,945,947,952,1272"
ESP_040813_2255_RED,"526,527,528,529,530,531,532,533,536"
PSP_008269_2250_RED,525
ESP_055685_1390_RED,"1060,1062"
ESP_059397_2405_COLOR,"19,20"
ESP_042198_2235_COLOR,652
PSP_001528_2210_RED,"196,197"
ESP_040130_1390_COLOR,732
ESP_020414_1300_RED,1191
ESP_046853_2200_COLOR,672
ESP_058975_1295_RED,801
ESP_045323_2200_COLOR,"579,580,581"
ESP_054882_2225_COLOR,"381,391"
ESP_060773_2160_COLOR,159
ESP_045371_2245_RED,149
ESP_040351_2210_RED,"372,377"
ESP_049714_2245_RED,628
PSP_007529_1415_COLOR,"1084,1089"
ESP_055642_2195_RED,115
ESP_054774_1395_COLOR,"918,919,920,921"
ESP_028777_1415_COLOR,"757,758"
ESP_043306_2175_RED,716
ESP_022181_2115_RED,680
PSP_003246_2180_RED,"653,668,669"
ESP_020860_1420_RED,"1081,1083,1084,1089"
ESP_016653_1415_COLOR,"947,949,950,951,952,1271,1272"
ESP_016557_1435_COLOR,885
PSP_007650_1300_COLOR,"1194,1195"
ESP_036871_1325_RED,1229
ESP_028615_2220_COLOR,"428,438"
ESP_057083_1350_COLOR,"1014,1015"
ESP_034589_1450_COLOR,"1181,1188"
ESP_057839_1420_COLOR,728
ESP_025280_2155_RED,721
ESP_060383_1325_COLOR,1229
ESP_025714_2220_RED,"498,501,511"
ESP_034972_2175_RED,"715,716"
PSP_010758_1395_COLOR,"918,919,920,921"
ESP_052120_1410_RED,"870,871"
ESP_026137_2145_COLOR,707
ESP_051032_2220_COLOR,"488,501,512"
ESP_047632_2185_COLOR,"1,2"
ESP_019354_2170_COLOR,161
ESP_036884_2175_RED,"715,716"
PSP_001372_2160_COLOR,"324,337,338"
PSP_001426_2200_RED,672
ESP_028721_2225_COLOR,"560,561,562"
ESP_034153_2245_RED,398
ESP_019289_1410_RED,911
ESP_027163_1415_COLOR,1084
ESP_045453_1415_RED,"1084,1089"
ESP_028438_1355_RED,887
ESP_056531_2210_RED,521
PSP_005670_1415_RED,"1072,1083,1084"
PSP_002772_1205_RED,"1231,1232"
ESP_058173_2190_RED,98
ESP_023039_1415_COLOR,"1248,1249,1255,1256,1258,1260,1261,1309"
PSP_005359_1330_COLOR,771
ESP_012026_1535_RED,1124
ESP_016271_1475_RED,"1057,1058"
ESP_056933_2175_COLOR,86
PSP_005843_2260_COLOR,525
ESP_025646_1440_RED,"958,959,960,965,966,967,968,969"
ESP_046075_1300_RED,1191
PSP_010140_2140_COLOR,202
ESP_057477_1350_RED,910
ESP_018013_2265_RED,"416,417"
ESP_029433_1435_RED,1136
ESP_028389_1440_RED,988
ESP_051958_1390_RED,732
ESP_026439_2215_RED,"389,390"
ESP_056618_2185_RED,115
ESP_016393_1400_RED,"1240,1241,1242"
ESP_022880_2140_COLOR,707
ESP_014335_1450_RED,"1172,1173,1174,1176"
ESP_045560_2230_RED,502
ESP_048833_1410_RED,735
ESP_055408_1375_RED,1019
ESP_027823_2100_COLOR,204
ESP_045939_2190_COLOR,193
ESP_025614_2185_RED,79
ESP_039519_1400_COLOR,"1098,1297"
ESP_036132_1300_RED,1191
ESP_053656_2205_COLOR,491
ESP_036815_1445_RED,"1029,1030"
ESP_034932_1300_RED,1191
PSP_010854_1325_COLOR,"1196,1197,1198,1199,1201"
ESP_028817_1435_RED,783
PSP_004813_1450_RED,1106
ESP_060241_2405_COLOR,"19,20"
ESP_047670_1345_RED,"1137,1139"
ESP_013639_1415_COLOR,757
ESP_058173_2190_COLOR,98
ESP_052254_2195_RED,138
ESP_018857_2225_COLOR,"429,430,431,432"
ESP_051175_1430_COLOR,"977,978,1274"
ESP_054887_2260_COLOR,"43,45"
ESP_022036_2140_COLOR,707
ESP_027508_2245_COLOR,"626,627,628"
ESP_052285_2255_COLOR,"527,528,529,530,533,536"
ESP_045453_1415_COLOR,"1084,1089"
ESP_059630_2220_RED,"488,501,512"
ESP_056821_2185_RED,491
ESP_051814_1340_COLOR,769
ESP_035841_2190_COLOR,491
ESP_059577_2265_RED,416
ESP_036858_1205_COLOR,"1231,1232"
ESP_022422_1300_COLOR,809
ESP_028179_2090_COLOR,206
ESP_021756_1395_RED,941
ESP_037079_1415_COLOR,1084
ESP_050999_1340_COLOR,864
ESP_023523_1440_RED,"958,959,960,961,962,963,964,965"
ESP_052035_1325_COLOR,"1196,1199,1201"
ESP_018431_2270_RED,"168,169"
ESP_026741_1415_COLOR,1082
ESP_037003_1205_RED,"1231,1232"
ESP_057986_2270_COLOR,7
ESP_028352_2245_RED,"616,626,627,628,629"
ESP_058671_1415_COLOR,"757,758"
ESP_017148_2205_COLOR,"70,73"
ESP_022639_1385_RED,"929,931"
ESP_016640_1380_COLOR,"986,999,1000,1277,1278,1279,1280"
ESP_030016_1415_COLOR,735
ESP_046540_1275_RED,798
ESP_055927_1385_RED,732
ESP_027956_2255_COLOR,"527,534"
ESP_023642_1435_COLOR,1063
ESP_039802_1300_COLOR,809
ESP_057312_1390_COLOR,732
ESP_049977_2265_COLOR,"444,445,446"
ESP_058856_1315_RED,767
ESP_041222_2210_RED,"614,615,618"
PSP_007002_1410_RED,1116
ESP_037214_1205_RED,"1231,1232"
ESP_034228_2150_COLOR,142
ESP_013160_2135_RED,272
ESP_041367_2275_COLOR,"582,583"
PSP_008312_1415_RED,"757,758,759"
ESP_055642_2195_COLOR,115
ESP_059709_2250_COLOR,478
ESP_052655_2175_RED,"715,716"
ESP_055355_1345_COLOR,"979,980"
ESP_048913_1330_COLOR,771
PSP_007819_1390_COLOR,1069
PSP_006252_2220_RED,"564,569,570,571"
ESP_047381_1325_RED,1229
PSP_010225_2235_COLOR,"57,66"
ESP_057335_2155_COLOR,"324,326"
ESP_020846_1400_COLOR,"934,935"
PSP_009956_2160_COLOR,338
PSP_004085_1420_RED,900
PSP_008308_2160_RED,"324,334,338,339,340,341"
ESP_040145_1430_RED,821
PSP_005968_2170_COLOR,86
ESP_030663_1335_RED,771
ESP_043641_2175_COLOR,86
ESP_025440_1390_COLOR,732
ESP_045226_2160_COLOR,159
ESP_047536_1380_COLOR,1019
ESP_017935_1300_COLOR,1191
PSP_007706_1375_COLOR,780
ESP_013165_1275_RED,"797,1264,1265"
ESP_026439_2215_COLOR,389
ESP_039232_1205_RED,"1231,1232"
ESP_022605_1390_RED,732
ESP_028775_1205_COLOR,"1231,1232"
ESP_029009_1400_COLOR,"1038,1051,1052,1053"
ESP_013793_2140_RED,294
ESP_057380_2200_RED,"72,73"
ESP_027825_2140_RED,708
ESP_056127_2190_COLOR,"74,76,77,78"
ESP_059498_2235_RED,457
ESP_024958_2150_RED,142
ESP_052655_2175_COLOR,"715,716"
PSP_005882_2140_RED,"328,329,330,331,332"
ESP_027085_2175_COLOR,347
ESP_022775_1205_RED,"1231,1232"
PSP_001372_2160_RED,"324,337,338"
PSP_006660_2190_COLOR,359
ESP_030016_1415_RED,735
ESP_046720_2230_COLOR,381
ESP_049753_2230_COLOR,502
PSP_001608_1375_RED,"984,994,998,999,1000,1277,1278"
ESP_011669_1390_COLOR,1054
ESP_037501_1415_RED,"1072,1085,1086,1292"
ESP_016221_2175_RED,"715,716"
ESP_050213_1415_COLOR,"1083,1084,1089"
PSP_009773_2165_RED,721
ESP_057063_1300_COLOR,809
ESP_036136_2245_RED,54
ESP_016106_2260_RED,"43,45"
ESP_020846_1400_RED,"934,935"
ESP_050175_2220_RED,"501,512"
ESP_013212_1415_RED,1084
ESP_026875_2215_RED,"614,615,618"
ESP_056445_2160_COLOR,"87,88"
ESP_058140_2225_COLOR,489
ESP_036806_1420_COLOR,728
ESP_057178_1480_RED,"1205,1206,1207"
ESP_036488_1300_RED,1191
PSP_006807_1395_COLOR,1242
PSP_008610_1400_RED,"1071,1073,1074,1075"
ESP_056417_2210_RED,"60,61,64"
ESP_060975_2215_COLOR,480
ESP_033046_2210_RED,575
PSP_007716_2200_RED,681
ESP_026993_2255_RED,"485,486"
ESP_050680_1325_COLOR,771
ESP_059650_2200_COLOR,105
PSP_004235_1300_COLOR,1193
ESP_048006_1370_RED,872
ESP_042844_2270_COLOR,"635,636"
ESP_057749_2250_RED,"39,40"
ESP_013673_1380_RED,"999,1000,1277,1278,1279,1280"
PSP_004181_2170_RED,"350,352,353"
ESP_052179_2215_RED,427
PSP_007135_2220_RED,"488,501"
PSP_001834_2215_RED,"360,363,364"
ESP_016598_2150_RED,142
PSP_006268_1260_RED,"736,737"
ESP_049886_2175_RED,720
ESP_046444_2225_RED,"618,621"
ESP_026042_1470_RED,1057
ESP_045930_1300_COLOR,1191
ESP_019213_2210_RED,"408,409,412"
ESP_057859_1340_RED,"902,903"
ESP_024410_1325_RED,1227
ESP_012751_2135_RED,251
ESP_039018_1400_COLOR,"1098,1297"
ESP_036578_1415_COLOR,1084
ESP_056909_2150_COLOR,142
ESP_020756_2220_RED,"498,501,512"
ESP_055014_2265_COLOR,441
ESP_051281_1405_COLOR,"1085,1292"
ESP_049502_2230_COLOR,356
PSP_001964_1415_COLOR,"944,945,946,947,948,951,952,1272"
ESP_023536_1405_COLOR,"934,935"
ESP_037401_1330_RED,770
PSP_001656_2175_RED,86
PSP_007179_2285_RED,17
ESP_048731_1340_COLOR,864
ESP_049991_2245_RED,628
ESP_012798_1340_COLOR,864
ESP_055098_2265_COLOR,"31,47"
ESP_027531_1395_RED,"918,919,920,921"
ESP_045648_2170_RED,"162,172,173"
ESP_036884_2175_COLOR,"715,716"
ESP_019490_2210_COLOR,"450,451,452,463"
ESP_028999_1325_RED,1229
ESP_047391_1345_RED,"1013,1289"
ESP_045546_2145_COLOR,"282,283"
ESP_047199_1330_RED,771
ESP_046756_1375_COLOR,905
ESP_056015_1405_RED,"1098,1297"
ESP_017265_1345_RED,743
ESP_022745_1415_COLOR,"947,949,950,951,952,1271,1272"
ESP_028677_1340_RED,"903,1270"
ESP_057020_2180_RED,"715,716"
ESP_056208_2165_RED,"106,107"
ESP_048584_1430_COLOR,819
ESP_060736_1385_COLOR,"1018,1026,1290"
ESP_013146_1415_RED,"1072,1085,1292"
ESP_031229_1415_RED,735
ESP_057126_1400_RED,1240
ESP_053792_2285_RED,10
PSP_008743_2155_COLOR,"324,338"
ESP_019635_2205_RED,"448,449"
ESP_017194_1405_RED,"1045,1046,1048,1051"
ESP_037003_1205_COLOR,"1231,1232"
PSP_006744_2295_RED,"22,23,24,25"
ESP_046534_1400_RED,"1049,1051"
ESP_033901_1390_COLOR,"1034,1054"
ESP_031820_2215_COLOR,637
PSP_008954_2155_COLOR,"324,326,338"
ESP_042512_1390_RED,"1034,1054"
ESP_046904_2125_RED,231
ESP_028181_2140_RED,708
PSP_007147_1415_COLOR,"1114,1115"
ESP_045152_1325_RED,"1196,1197,1198,1199,1201"
ESP_056751_1340_COLOR,"901,902,903"
ESP_049437_2210_RED,"614,615,618"
ESP_056751_1340_RED,"901,902,903"
PSP_001794_2190_RED,"288,289"
ESP_046445_1205_COLOR,"1231,1232"
ESP_021875_1350_COLOR,"1014,1015,1289"
ESP_050482_1405_COLOR,764
ESP_033599_2160_RED,"340,341"
ESP_036806_1420_RED,728
ESP_060984_2190_COLOR,155
ESP_017161_2180_RED,53
ESP_016221_2175_COLOR,"715,716"
ESP_023807_2215_RED,70
ESP_017671_2250_COLOR,616
ESP_016739_2240_RED,"54,55,57,58"
ESP_041393_1470_RED,1130
ESP_042817_2220_RED,"488,501,512"
ESP_025092_1420_RED,936
ESP_056531_2210_COLOR,521
ESP_028958_2195_RED,514
ESP_028624_2190_RED,155
ESP_050506_1325_RED,1229
ESP_012708_2150_COLOR,142
PSP_003289_1280_COLOR,"798,1265"
ESP_046158_2260_RED,32
ESP_016431_2260_RED,"526,527,528,531,533,534,536"
ESP_047590_1520_COLOR,1125
ESP_020676_2110_RED,246
ESP_050516_1375_RED,1026
ESP_027110_1380_RED,"1017,1018,1019,1024,1290"
ESP_012448_1240_COLOR,1121
PSP_006820_1325_COLOR,1229
PSP_002033_1325_COLOR,"1196,1197,1198,1199,1201,1202"
ESP_025353_2140_RED,122
ESP_034694_2210_RED,521
ESP_025923_1440_RED,988
ESP_046258_2160_RED,277
PSP_008810_2225_COLOR,650
PSP_008181_2405_RED,"19,20"
ESP_058584_2155_RED,"142,159"
ESP_013850_1415_RED,"757,758,759"
ESP_046898_1300_RED,859
ESP_044659_2080_RED,"174,175"
ESP_021875_1350_RED,"1014,1015,1289"
ESP_043792_2145_RED,275
ESP_027110_1380_COLOR,"1017,1018,1019,1290"
ESP_019780_2205_COLOR,"448,449"
ESP_057652_2215_RED,480
ESP_024315_1435_RED,1110
ESP_049977_2265_RED,"444,445,446"
ESP_058608_2185_COLOR,96
ESP_011983_2080_RED,"174,175"
ESP_045916_2205_RED,"491,500"
ESP_024380_1420_COLOR,"936,937"
ESP_037343_1445_COLOR,"1107,1108,1298,1299"
ESP_047281_1365_RED,876
ESP_047012_1205_RED,"1231,1232"
ESP_028471_1305_RED,1191
ESP_036525_1350_RED,"1014,1015"
ESP_050004_2170_COLOR,"592,593,594"
PSP_007716_2200_COLOR,681
ESP_042558_2250_COLOR,"38,39,40,41,43"
ESP_041304_1320_RED,742
ESP_038167_1280_RED,828
ESP_025557_2175_COLOR,725
ESP_017698_2155_RED,721
ESP_047193_1440_RED,"988,989"
ESP_037501_1415_COLOR,"1072,1085,1292"
ESP_048791_1450_RED,"1172,1174,1176,1184"
ESP_024328_1455_RED,1106
ESP_043159_2145_COLOR,275
ESP_025727_2265_COLOR,446
ESP_025792_1440_RED,1300
ESP_052285_2255_RED,"527,528,529,530,531,532,533,536"
ESP_049819_2210_COLOR,"499,513"
PSP_010431_2265_COLOR,"444,446"
ESP_048143_1445_RED,"1107,1108,1109,1298,1299"
ESP_035643_2215_COLOR,"421,422"
ESP_044659_2080_COLOR,"174,175"
ESP_036264_2225_RED,712
ESP_049503_2210_RED,"614,615,618"
ESP_057020_2180_COLOR,715
ESP_050558_2245_COLOR,628
PSP_005187_1390_RED,"745,746"
ESP_051075_1320_COLOR,742
PSP_001558_1325_RED,"1196,1197,1198,1199,1200,1201,1202"
PSP_010431_2265_RED,"444,446"
ESP_013212_1415_COLOR,1084
PSP_005433_1400_RED,"1117,1300,1301,1302"
ESP_032369_1420_RED,900
ESP_029765_1405_RED,730
ESP_036293_1415_COLOR,"757,758,759"
PSP_002676_1415_RED,"944,945,946,947,948,949,951,952,1272"
PSP_003510_2165_COLOR,718
ESP_039179_1430_RED,"1224,1225"
PSP_010202_2130_RED,119
ESP_017024_2230_RED,"354,355,359"
ESP_024238_1325_RED,"1196,1197,1198,1199,1201"
ESP_038070_1390_RED,1144
ESP_043621_2165_RED,353
ESP_046443_2165_RED,337
PSP_003613_1465_RED,1105
ESP_016640_1380_RED,"986,999,1000,1277,1278,1279,1280"
ESP_031273_1355_COLOR,887
ESP_033400_1390_COLOR,1054
ESP_055551_1405_RED,906
ESP_046705_1440_RED,953
ESP_050558_2245_RED,"627,628"
ESP_050839_2245_RED,55
ESP_014354_1340_COLOR,864
ESP_049819_2210_RED,"498,499,513"
ESP_050281_2245_RED,"627,628"
PSP_007834_2250_COLOR,"551,552,553"
ESP_032556_1390_COLOR,"1033,1034,1035,1036,1037,1054"
ESP_040787_2210_COLOR,"614,615,618"
ESP_032385_1455_RED,1106
ESP_052035_1325_RED,"1196,1197,1198,1199,1201"
ESP_060856_2220_RED,"359,364"
ESP_055731_1435_COLOR,821
ESP_033784_2220_RED,"488,501"
PSP_007819_1390_RED,1069
ESP_028421_1415_COLOR,"757,758"
ESP_020769_2225_COLOR,"428,430"
ESP_036685_2220_RED,"501,509,510,511,512"
ESP_017671_2250_RED,616
ESP_055871_2195_RED,359
ESP_049569_2245_RED,628
ESP_012446_2195_COLOR,198
ESP_060939_1420_RED,"755,756"
ESP_037612_1400_RED,776
ESP_056008_2230_RED,51
ESP_029246_1345_RED,"979,980"
PSP_010696_2140_RED,"707,708"
ESP_056445_2160_RED,"87,88"
ESP_042413_2250_COLOR,"39,40,46"
ESP_020835_2215_RED,"423,424,425"
ESP_056649_2225_RED,298
ESP_052681_2240_COLOR,"660,661"
ESP_036488_1300_COLOR,1191
ESP_017232_1405_COLOR,911
ESP_037595_2255_COLOR,"525,527,531,534,536"
ESP_044754_1415_COLOR,1084
ESP_024040_1450_RED,"1174,1175,1179,1181,1182,1183,1184,1185,1186,1187,1188,1189,1190"
ESP_030499_1350_COLOR,1289
ESP_016863_1460_RED,916
ESP_033751_1365_RED,863
ESP_045863_2265_COLOR,"416,417,418"
PSP_003217_1355_COLOR,"1015,1289"
PSP_006268_1260_COLOR,"736,737"
ESP_028127_2205_RED,"401,402,403,404"
ESP_057076_1295_COLOR,805
ESP_056862_1325_COLOR,1229
ESP_055975_1370_RED,"1007,1008,1282,1287,1288"
ESP_037054_2225_COLOR,"429,430,433"
PSP_002902_2205_COLOR,"365,366,373,374"
PSP_008809_2215_RED,"358,360,361,362,363,364"
ESP_014340_1340_COLOR,855
PSP_007558_2135_RED,708
ESP_030499_1350_RED,1289
ESP_057162_1330_COLOR,982
ESP_025614_2185_COLOR,79
ESP_012751_2135_COLOR,251
PSP_009068_2135_RED,119
ESP_054025_2225_COLOR,"429,430,431,432"
ESP_019077_2270_RED,"168,169"
ESP_026501_1420_COLOR,900
ESP_037516_2255_RED,550
ESP_058008_2225_COLOR,"434,438"
ESP_050229_1330_RED,1229
ESP_050463_1345_COLOR,"979,980"
ESP_046444_2225_COLOR,"618,621"
ESP_032369_1420_COLOR,900
ESP_046801_1205_COLOR,"1231,1232"
PSP_007479_2160_COLOR,721
ESP_024040_1450_COLOR,"1174,1175,1179,1181,1182,1183,1184,1185,1186,1187,1188,1189,1190"
ESP_056564_1375_RED,872
ESP_058144_1380_RED,"774,775"
ESP_034694_2210_COLOR,521
ESP_058663_2155_COLOR,142
ESP_035565_1325_RED,"1196,1197,1198,1199,1201"
ESP_060140_2170_COLOR,161
ESP_035378_1415_COLOR,1084
ESP_044193_1430_RED,"817,819,820"
ESP_055924_2210_COLOR,452
ESP_014269_1445_COLOR,"1184,1185"
ESP_046861_2155_RED,142
ESP_056110_2175_RED,725
ESP_057296_2200_COLOR,521
ESP_049917_1340_RED,857
ESP_049124_1385_RED,"774,775"
ESP_011919_1400_COLOR,939
ESP_057449_1370_COLOR,"893,894"
PSP_002782_1405_RED,"1047,1048,1051"
ESP_035143_1325_RED,"1196,1197,1198,1199,1201"
ESP_024697_1350_COLOR,"1014,1015"
ESP_058608_2185_RED,96
ESP_058483_2255_RED,"526,527"
ESP_017778_2200_RED,5
ESP_054434_2205_RED,498
ESP_049991_2245_COLOR,628
ESP_036764_2245_RED,"475,476,477"
ESP_049085_1300_COLOR,809
ESP_057379_1315_COLOR,773
ESP_038058_1205_RED,"1231,1232"
ESP_058114_1345_RED,1139
ESP_055872_2270_RED,636
ESP_024334_2300_RED,23
ESP_011747_1395_RED,"918,919,920,921"
ESP_052127_2225_COLOR,"612,619"
ESP_056788_1340_COLOR,864
PSP_002320_1415_RED,"947,949,950,951,952,1271,1272"
ESP_020862_1430_RED,1165
ESP_043224_1380_RED,"1018,1024,1025,1026,1290"
ESP_034287_2185_COLOR,"1,2"
ESP_023802_2215_RED,515
ESP_023039_1415_RED,"1247,1248,1249,1250,1254,1255,1256,1258,1260,1261,1309"
ESP_058481_1380_COLOR,"1017,1018,1019,1025"
ESP_055040_2120_COLOR,311
PSP_005319_1245_RED,744
ESP_029414_1360_COLOR,892
ESP_039708_1385_RED,732
ESP_012592_1405_COLOR,1048
ESP_054939_1315_COLOR,767
ESP_046705_1440_COLOR,953
ESP_056564_1375_COLOR,872
ESP_054900_2305_RED,23
ESP_022745_1415_RED,"946,947,949,950,951,952,1271,1272"
ESP_043837_2285_COLOR,"30,33"
ESP_054742_2235_RED,57
ESP_056821_2185_COLOR,491
PSP_010419_2140_RED,707
ESP_011731_1335_RED,"888,889"
PSP_005762_1405_COLOR,"1044,1045,1047,1048,1049,1050,1051,1052,1053"
ESP_048731_1340_RED,864
ESP_016047_1410_COLOR,"1085,1292"
ESP_057521_2115_COLOR,680
ESP_024615_2120_RED,124
ESP_019567_1385_COLOR,940
ESP_027163_1415_RED,1084
ESP_035362_2190_COLOR,155
ESP_040145_1430_COLOR,821
ESP_024594_2180_COLOR,653
ESP_013528_1380_COLOR,"999,1000,1277,1278,1279,1280"
ESP_028890_1415_RED,"946,972,1273"
ESP_043371_2270_COLOR,"538,539"
ESP_036696_1470_RED,955
ESP_016258_1415_COLOR,1084
ESP_056969_1385_RED,732
PSP_006160_1445_COLOR,1190
ESP_053735_2225_RED,482
ESP_016557_1435_RED,885
ESP_023787_1390_COLOR,"1031,1032,1033,1034,1035"
ESP_044086_1415_COLOR,735
ESP_013919_1410_RED,"869,870"
ESP_034829_1325_COLOR,742
ESP_015997_2155_RED,721
PSP_010257_2205_COLOR,"195,196,197"
ESP_058483_2255_COLOR,"526,527"
ESP_023141_1435_COLOR,1063
ESP_025422_1395_RED,1006
ESP_021901_1395_COLOR,941
ESP_060430_2170_COLOR,161
PSP_006609_1330_RED,1229
ESP_013199_1390_COLOR,1111
ESP_052826_2240_COLOR,648
ESP_030225_2155_RED,721
ESP_039944_1325_COLOR,1229
ESP_049344_2225_RED,"430,431,432,433"
ESP_059470_1345_COLOR,1015
PSP_008597_1460_COLOR,1105
PSP_008691_1445_RED,"1141,1142,1143"
ESP_045176_1415_COLOR,"1084,1089"
ESP_013001_1415_COLOR,"1072,1085,1292"
PSP_007159_1405_COLOR,933
ESP_017065_2135_COLOR,"707,708"
ESP_055937_2210_RED,"372,377"
PSP_008611_2125_COLOR,"301,302,303"
ESP_035630_2250_COLOR,"486,487"
ESP_012383_1315_RED,1140
ESP_057379_1315_RED,"767,773"
ESP_017143_2215_RED,488
ESP_029581_1275_COLOR,736
ESP_054742_2235_COLOR,57
ESP_042966_1380_RED,"774,775"
ESP_035589_1415_COLOR,1084
ESP_023033_1420_COLOR,900
PSP_008056_1435_RED,"1285,1286"
ESP_044658_1380_RED,893
ESP_026002_1415_COLOR,"949,950,951,952,1271,1272"
ESP_057797_2220_RED,"447,461,462"
ESP_044716_2220_COLOR,517
ESP_019070_2185_COLOR,"1,2"
ESP_050200_1445_RED,1108
ESP_049714_2245_COLOR,628
ESP_028007_1415_RED,"1072,1083,1085,1292,1293"
ESP_035441_2115_COLOR,125
ESP_043621_2165_COLOR,353
ESP_045335_2155_COLOR,277
PSP_007451_2225_RED,"342,343"
ESP_035921_1300_RED,1191
PSP_009856_2205_RED,73
ESP_013941_1420_RED,728
ESP_038063_1340_COLOR,864
ESP_026532_2175_COLOR,589
ESP_020055_1410_COLOR,"944,945,947,948,951,952,1272"
ESP_047476_1330_COLOR,771
ESP_013850_1415_COLOR,757
ESP_039152_1450_RED,"1172,1174,1176,1184"
ESP_049555_2225_RED,"434,435,438,439"
ESP_057691_2175_COLOR,"318,319"
ESP_026542_2210_RED,"196,197"
ESP_016431_2260_COLOR,"527,531,533,534,536"
ESP_023677_2140_COLOR,108
ESP_039224_1375_COLOR,872
ESP_052324_2225_COLOR,"429,430,431,432"
ESP_034708_2145_RED,707
ESP_036554_1300_RED,1191
ESP_017807_2255_RED,"38,41,42"
PSP_007677_1380_RED,"1233,1308"
PSP_007795_2175_RED,659
PSP_010695_2225_RED,"501,509,510,511"
ESP_016418_2255_COLOR,"540,541,543"
ESP_051824_2185_COLOR,653
ESP_028721_2225_RED,"560,561,562"
ESP_059242_1335_COLOR,888
ESP_055276_1385_COLOR,"999,1000,1277,1278"
ESP_016656_2205_COLOR,673
ESP_027374_1415_RED,1084
ESP_049057_1390_RED,732
ESP_036078_2190_COLOR,"344,345"
PSP_007500_2235_RED,191
ESP_029035_1455_COLOR,"942,943"
ESP_012446_2195_RED,198
ESP_016180_2225_COLOR,356
ESP_037129_2145_COLOR,146
ESP_055686_1440_RED,"1122,1123"
PSP_005459_1405_COLOR,"1098,1297"
ESP_046181_1325_RED,1229
ESP_013244_1275_RED,"797,1264,1265"
ESP_046582_1375_COLOR,872
ESP_022488_1300_RED,809
ESP_034954_1330_RED,908
ESP_022073_1390_RED,1069
ESP_016141_2260_COLOR,"527,534,536"
ESP_016612_1345_COLOR,910
PSP_009437_2190_RED,115
ESP_025517_2180_RED,"668,669"
ESP_040272_2260_COLOR,"444,445"
ESP_024611_1430_COLOR,818
ESP_057100_2180_RED,1
ESP_046318_2160_COLOR,"87,88,91,92"
PSP_009612_1390_RED,1069
ESP_017208_2100_COLOR,220
ESP_057191_2150_RED,639
ESP_049612_1375_RED,781
ESP_018989_2245_COLOR,"494,496,497"
ESP_036515_1325_COLOR,1229
ESP_016747_2145_RED,335
ESP_034787_1300_COLOR,1191
ESP_041406_2210_COLOR,"406,407,408,409,410,411,412,413"
ESP_047963_1305_COLOR,741
ESP_013333_2120_COLOR,680
ESP_055213_2175_RED,694
ESP_032382_2155_RED,"142,159"
ESP_017187_2225_RED,18
ESP_014162_2135_RED,"272,273"
ESP_044953_2230_RED,381
ESP_046087_2225_COLOR,"356,359"
ESP_022856_1395_COLOR,745
ESP_028910_2240_RED,"54,55,56,57,58"
ESP_029433_2255_RED,"550,554"
PSP_004431_2095_RED,206
ESP_046013_2260_RED,45
PSP_006845_2215_RED,"498,501,515,516"
ESP_016168_2180_RED,653
ESP_032875_2195_RED,655
ESP_019253_2245_RED,"551,552,553"
ESP_037305_2225_COLOR,"559,560"
ESP_057397_2160_COLOR,144
PSP_009455_2215_RED,"358,360,361,362,363,364"
ESP_046890_1355_RED,"1014,1015,1289"
ESP_019280_1325_RED,"1196,1197,1198,1199,1201,1202"
PSP_008888_2160_COLOR,"324,334,338,339,340,341"
ESP_016416_1475_RED,"1057,1058"
ESP_048863_1375_RED,872
ESP_057250_2165_COLOR,107
PSP_006902_1275_COLOR,"798,1264,1265"
ESP_023998_1390_RED,1037
PSP_006251_2125_RED,"292,293"
ESP_017249_2240_RED,"610,611"
ESP_052588_2210_COLOR,"499,500"
ESP_056967_1480_RED,"1205,1206,1207"
ESP_036792_1205_COLOR,"1231,1232"
PSP_007232_2260_RED,"40,43,44,45"
ESP_025818_1415_RED,"1084,1089"
ESP_045606_2175_RED,86
ESP_057149_1380_RED,"1018,1019,1024,1025,1026,1290,1291"
ESP_050135_2225_RED,"356,359"
ESP_046193_2265_COLOR,525
ESP_039888_1415_RED,"1042,1043"
ESP_057749_1430_COLOR,821
ESP_059394_1325_COLOR,1229
PSP_008834_1405_COLOR,1048
ESP_023604_2230_COLOR,"431,432,433"
ESP_029967_1360_COLOR,876
ESP_022112_1435_COLOR,"953,954"
ESP_060773_2160_RED,159
ESP_057032_1470_RED,1130
ESP_059971_1350_RED,1013
PSP_002632_2175_RED,86
PSP_006536_1315_RED,"883,884"
ESP_051958_1390_COLOR,732
ESP_022880_2140_RED,707
ESP_040484_1325_RED,"1196,1197,1198,1199,1201"
PSP_006160_1445_RED,1190
PSP_004469_2195_RED,198
PSP_008598_2155_RED,"324,326,338"
ESP_049410_2245_RED,"476,477,478,479"
ESP_057335_2155_RED,"324,326"
ESP_059630_2220_COLOR,"488,501,512"
ESP_052100_2245_RED,"476,477"
ESP_016598_2150_COLOR,142
ESP_057968_2175_COLOR,319
PSP_007451_2225_COLOR,"342,343"
ESP_026975_2140_RED,122
PSP_003842_1245_COLOR,744
ESP_023790_2160_RED,721
ESP_020151_1205_RED,"1231,1232"
ESP_046853_2200_RED,672
ESP_020822_2220_COLOR,"501,512"
ESP_018914_2260_COLOR,7
PSP_006794_1420_COLOR,"1259,1260,1261,1309"
PSP_004897_1245_COLOR,744
ESP_029698_1205_COLOR,"1231,1232"
PSP_003270_1405_COLOR,"1072,1075"
ESP_057126_1400_COLOR,1240
ESP_051748_1340_COLOR,769
ESP_056664_2165_COLOR,"726,727"
ESP_016238_2180_RED,53
ESP_030596_1385_COLOR,732
ESP_036909_2265_RED,444
ESP_037688_1300_RED,1191
ESP_049142_2155_COLOR,142
ESP_049886_2175_COLOR,720
PSP_001390_2290_RED,15
ESP_026459_1340_RED,864
ESP_028389_1440_COLOR,988
ESP_013261_2195_COLOR,115
ESP_049542_2220_COLOR,"498,501,512"
ESP_032557_1535_RED,1124
PSP_007110_1325_RED,1229
ESP_028468_1455_COLOR,"942,943"
ESP_052680_2210_COLOR,"408,409,412"
ESP_040147_1370_RED,872
PSP_005465_1310_COLOR,1267
ESP_011398_1275_COLOR,"797,798,1264,1265"
PSP_003711_1275_COLOR,"798,799,1264,1265"
ESP_029457_1455_COLOR,"942,943"
ESP_031910_1420_COLOR,"1082,1083,1084"
ESP_019847_1300_RED,1191
ESP_057797_2220_COLOR,"461,462"
ESP_037648_1435_RED,1163
ESP_027337_2145_COLOR,"707,709"
ESP_024334_2300_COLOR,23
ESP_044716_2220_RED,517
ESP_056909_2150_RED,142
PSP_003842_1245_RED,744
ESP_046127_2220_COLOR,517
PSP_006213_2185_COLOR,"683,684,686"
ESP_017455_2115_RED,125
ESP_034074_2220_RED,"488,501"
PSP_008320_1410_COLOR,"1071,1072,1073,1074,1082,1293,1294"
ESP_045103_2295_COLOR,"25,27"
ESP_024950_1325_COLOR,"1196,1197,1198,1199,1201"
PSP_004898_1315_RED,809
ESP_053630_2195_RED,"565,581"
ESP_036342_2205_COLOR,"464,468"
ESP_028642_2200_COLOR,573
PSP_006159_2205_COLOR,"364,366"
ESP_016875_2265_RED,168
PSP_009583_2165_COLOR,"161,162,172,173"
ESP_017012_1300_RED,1191
ESP_057312_1390_RED,732
PSP_008256_1400_COLOR,1144
PSP_002136_1415_RED,1084
ESP_019385_2210_RED,575
ESP_014294_1240_RED,1121
ESP_060241_2405_RED,"19,20"
PSP_004399_2195_RED,100
PSP_007179_2285_COLOR,17
ESP_034708_2145_COLOR,707
ESP_011669_1390_RED,1054
ESP_020438_1415_RED,1084
PSP_004845_1275_COLOR,"797,1264,1265"
ESP_046580_2255_COLOR,"40,43,45"
ESP_041129_2210_RED,"406,407,408,409,410,411,412,413,414"
PSP_010140_2140_RED,202
ESP_049779_2215_RED,"358,360,361,362,364"
ESP_011985_1400_COLOR,939
ESP_019503_2210_COLOR,"408,409,412"
ESP_020583_1420_COLOR,1082
ESP_060934_1420_COLOR,"1095,1096,1097"
ESP_049331_2215_RED,488
ESP_050483_2240_COLOR,"54,55,58"
ESP_013528_1380_RED,"986,999,1000,1277,1278,1279,1280"
ESP_014335_1450_COLOR,"1172,1176"
ESP_024476_1325_RED,1227
ESP_025679_1300_RED,809
ESP_020886_1445_COLOR,"1029,1030"
PSP_002155_1270_COLOR,"797,799,1264"
ESP_016675_1410_COLOR,870
ESP_032572_2145_COLOR,"709,710"
ESP_055909_1330_RED,982
ESP_060939_1420_COLOR,755
ESP_050213_1415_RED,"1083,1084,1089,1090"
ESP_017354_2210_RED,500
ESP_046430_2260_RED,441
ESP_051875_2135_COLOR,237
ESP_036264_2225_COLOR,712
ESP_060698_2220_RED,453
ESP_052535_2225_RED,"429,430,431,432"
ESP_037054_2225_RED,"429,430,433"
ESP_022494_1385_COLOR,"929,931"
ESP_049720_2190_RED,95
ESP_059453_1335_COLOR,"888,891"
PSP_009033_2155_RED,"324,338"
ESP_032875_2195_COLOR,655
ESP_025501_1450_RED,983
ESP_038248_1440_COLOR,879
ESP_046653_1465_RED,1105
ESP_037553_1405_RED,"934,935"
ESP_043837_2285_RED,"30,33"
ESP_020720_1410_COLOR,759
ESP_048658_1520_COLOR,1125
ESP_035391_1390_COLOR,"1032,1033,1054"
ESP_026269_2190_COLOR,721
ESP_037611_1390_RED,732
ESP_058636_2140_RED,"116,117,118"
ESP_049544_2205_COLOR,5
ESP_013254_1480_COLOR,"1212,1213"
PSP_001570_2215_COLOR,"360,363,364"
ESP_056201_2235_RED,"456,457,458,459,460"
ESP_037542_2210_COLOR,452
ESP_058663_2155_RED,142
ESP_053458_2225_RED,"429,430,431,432,433"
ESP_036549_1420_RED,900
ESP_049371_2175_RED,"593,594,596"
ESP_058916_1370_RED,"1007,1008,1282,1287,1288"
ESP_035565_1325_COLOR,"1196,1197,1199,1201"
ESP_054887_2260_RED,"43,45"
ESP_046582_1375_RED,872
ESP_016264_2405_RED,"19,20"
ESP_039802_1300_RED,809
ESP_048645_2215_COLOR,373
ESP_054728_1370_COLOR,772
ESP_056004_2255_RED,663
ESP_047700_1375_COLOR,780
ESP_035036_2225_RED,298
ESP_021758_1505_RED,1127
ESP_024486_1435_RED,1064
ESP_034149_2170_RED,173
ESP_035396_1320_RED,742
ESP_029062_1415_RED,"1084,1089"
ESP_028181_2140_COLOR,708
ESP_046801_1205_RED,"1231,1232"
ESP_018831_2255_COLOR,"527,534"
ESP_025472_1405_COLOR,897
ESP_052755_2200_COLOR,"137,138"
ESP_044411_1390_COLOR,"1032,1033,1054"
ESP_023536_1405_RED,"934,935"
ESP_049887_2205_COLOR,5
ESP_048222_1445_COLOR,"1107,1108,1109,1298"
ESP_048066_2170_RED,"654,670"
ESP_029433_1435_COLOR,1136
ESP_020558_2215_COLOR,"424,425"
ESP_059338_1370_COLOR,"1007,1008,1287,1288"
ESP_022801_2140_COLOR,707
ESP_060934_1420_RED,"1095,1096,1097"
ESP_057563_1350_COLOR,743
PSP_003112_1445_COLOR,"1107,1108,1298,1299"
ESP_059479_1405_RED,882
ESP_017187_2225_COLOR,18
ESP_058144_1380_COLOR,"774,775"
ESP_048248_1380_RED,"1017,1018,1019,1024,1025,1290,1291"
ESP_023523_1440_COLOR,"958,959,960,961,962,964,965"
PSP_008834_1405_RED,1048
ESP_051782_1385_COLOR,"1061,1062"
ESP_022073_1390_COLOR,1069
ESP_015918_1325_RED,1229
ESP_056905_2180_RED,53
ESP_017363_1420_COLOR,900
ESP_032385_1455_COLOR,1106
ESP_048271_1370_COLOR,"893,894"
ESP_056018_1205_RED,"1231,1232"
ESP_016233_2295_COLOR,"469,470,471"
ESP_044874_2205_COLOR,419
ESP_057505_1370_COLOR,"1007,1281,1282"
ESP_050465_2240_RED,"492,493"
ESP_035449_1410_RED,759
ESP_037845_2210_RED,359
ESP_047226_1425_COLOR,818
PSP_003482_2115_RED,312
ESP_026017_2230_RED,"381,382"
ESP_011811_1395_RED,898
ESP_054630_1420_COLOR,"1042,1043"
ESP_027337_2145_RED,"707,709"
ESP_034563_2140_RED,708
ESP_046468_1380_RED,"1018,1019,1024,1025,1290,1291"
PSP_002076_2290_COLOR,15
ESP_028211_2295_COLOR,29
ESP_019897_1370_COLOR,"1007,1008,1288"
ESP_045507_2200_RED,"400,401,402,403,404"
ESP_035618_2175_COLOR,"715,716"
ESP_028567_1300_RED,809
ESP_056986_1375_COLOR,872
ESP_050262_2190_COLOR,115
PSP_008296_2175_RED,659
PSP_005465_1310_RED,1267
ESP_052755_2200_RED,"137,138"
ESP_037516_2255_COLOR,550
ESP_031161_2140_RED,707
ESP_045809_1415_COLOR,1084
ESP_035818_1320_RED,742
ESP_053326_2215_COLOR,"358,360,361,362,364"
ESP_026782_2245_COLOR,"476,477,478"
PSP_005960_1415_COLOR,"1084,1089"
PSP_008691_1445_COLOR,"1141,1142,1143"
ESP_013793_2140_COLOR,294
PSP_006213_2185_RED,"683,684,686"
PSP_006252_2220_COLOR,"564,569,570,571"
PSP_005333_1275_COLOR,"798,799,1264,1265"
ESP_046496_2260_COLOR,441
ESP_058847_2145_RED,"120,121,122"
ESP_050096_2210_RED,"498,499,513"
ESP_042452_1290_COLOR,"792,794"
ESP_050285_1290_RED,809
ESP_043560_2220_RED,18
ESP_029344_1415_RED,"757,758"
ESP_040925_1375_COLOR,872
ESP_028284_1415_COLOR,1084
ESP_023787_1390_RED,"1031,1032,1033,1034,1035"
ESP_047938_2265_RED,"31,32,38"
PSP_004845_1275_RED,"797,798,1264,1265"
ESP_017842_1440_RED,1131
PSP_005960_1415_RED,"1084,1089"
ESP_017249_2240_COLOR,611
ESP_018184_1525_RED,1124
ESP_025963_1410_RED,"1071,1072,1073,1074,1082,1292,1293,1294"
ESP_013254_1480_RED,"1212,1213,1216"
PSP_008821_1400_RED,"1071,1073,1074,1075"
ESP_049858_2275_COLOR,323
ESP_019636_1300_RED,1191
ESP_017065_2135_RED,"707,708"
ESP_014058_1450_RED,"1172,1173,1174,1176"
ESP_018951_1205_COLOR,"1231,1232"
PSP_001635_1445_COLOR,"1107,1108,1298,1299"
ESP_011811_1395_COLOR,898
ESP_048863_1375_COLOR,872
ESP_028046_1430_COLOR,"953,954"
ESP_038058_1205_COLOR,"1231,1232"
ESP_049628_2160_COLOR,"106,107"
ESP_034829_1325_RED,742
ESP_016673_2255_COLOR,"41,42"
ESP_046384_2185_COLOR,96
ESP_033243_2165_COLOR,338
ESP_039152_1450_COLOR,1172
ESP_057144_2185_COLOR,85
ESP_034576_1300_RED,1191
ESP_035344_2260_COLOR,7
PSP_001608_1375_COLOR,"984,998,999,1000,1277,1278"
ESP_059681_1405_COLOR,"1047,1048"
ESP_057765_1355_RED,887
ESP_028699_2190_COLOR,48
ESP_049226_2175_COLOR,"592,593,594"
ESP_049700_2250_COLOR,398
PSP_003692_1415_COLOR,"1072,1083,1084"
ESP_036817_2255_COLOR,527
ESP_055385_1205_RED,"1231,1232"
ESP_049208_2165_COLOR,"143,159"
ESP_049057_1390_COLOR,732
ESP_049766_2210_RED,"464,466,468"
PSP_001938_1405_RED,"1047,1048,1051"
ESP_049105_1385_COLOR,"1018,1026"
ESP_019134_1475_COLOR,1130
PSP_010274_2140_COLOR,"707,708"
ESP_045967_1390_COLOR,1054
ESP_013919_1410_COLOR,"869,870"
ESP_025305_2225_RED,"434,436,437,438"
ESP_028985_2245_RED,628
ESP_022101_2210_COLOR,499
ESP_045309_2145_RED,332
ESP_017935_1300_RED,1191
ESP_027085_2175_RED,347
ESP_045737_1380_COLOR,"852,853"
PSP_009583_2165_RED,"161,162,172,173"
ESP_020467_2140_RED,"707,708"
ESP_056623_2210_COLOR,"421,422"
ESP_030067_1325_RED,1229
ESP_055686_2145_RED,283
ESP_044428_2110_RED,6
ESP_048988_2255_RED,486
PSP_003711_1275_RED,"798,799,1264,1265"
ESP_054882_2225_RED,"381,391"
PSP_005968_2170_RED,86
PSP_007366_1360_COLOR,876
ESP_054803_2220_COLOR,"436,437,438"
ESP_017208_2100_RED,220
ESP_046194_2165_RED,721
ESP_046580_2255_RED,"40,43,45"
ESP_023472_2225_COLOR,383
ESP_052074_1445_RED,1142
ESP_014307_2130_COLOR,248
ESP_055751_1350_RED,"1014,1015,1289"
ESP_011919_1400_RED,939
ESP_020676_2110_COLOR,246
ESP_050004_2170_RED,"592,593,594"
ESP_052254_2195_COLOR,138
PSP_002632_2175_COLOR,86
ESP_047556_1280_RED,"829,830,831"
ESP_057505_1370_RED,"998,1007,1281,1282"
ESP_055263_1385_COLOR,"1034,1054"
PSP_001714_1415_RED,1084
ESP_021783_1390_COLOR,1069
ESP_055829_1395_RED,"918,919"
ESP_049226_2175_RED,"592,593,594,596"
ESP_033485_1290_COLOR,"792,794"
PSP_005663_2195_RED,"35,36,48"
ESP_019982_1335_RED,771
ESP_013785_1300_COLOR,809
PSP_008770_2240_COLOR,555
ESP_023234_2095_RED,227
ESP_057149_1380_COLOR,"1018,1019,1024,1025,1290"
ESP_041299_1390_COLOR,"1033,1034,1035,1036,1037,1054"
PSP_003668_1325_COLOR,"1196,1197,1198,1199,1201"
ESP_035208_2215_RED,"452,466"
ESP_056838_1410_COLOR,"762,763"
ESP_055924_2210_RED,"452,463"
PSP_007232_2260_COLOR,"40,43"
ESP_038231_1410_COLOR,735
ESP_017455_2115_COLOR,125
ESP_037542_2210_RED,"452,463"
ESP_023065_1205_RED,"1231,1232"
ESP_028050_2185_COLOR,1
ESP_054794_1330_RED,771
ESP_013531_2140_COLOR,707
ESP_020293_1410_COLOR,"1085,1292"
ESP_047585_1335_RED,"888,889,891"
ESP_016207_2260_COLOR,"536,540,542"
PSP_008639_2135_COLOR,708
ESP_045507_2200_COLOR,"400,401,402,403,404"
ESP_012555_1325_COLOR,"1196,1199,1201"
ESP_019768_2220_COLOR,"696,697"
PSP_009068_2135_COLOR,119
ESP_041299_1390_RED,"1033,1034,1035,1036,1037,1054"
PSP_006646_1415_RED,1116
ESP_013487_2190_COLOR,193
ESP_052052_2270_COLOR,38
ESP_028503_2175_RED,86
ESP_020530_1370_COLOR,"1007,1008,1288"
ESP_037305_2225_RED,"559,560"
ESP_049628_2160_RED,"106,107"
ESP_034439_2160_COLOR,"142,146,159"
ESP_023552_2245_COLOR,629
ESP_031229_1415_COLOR,735
ESP_025583_1300_RED,1191
ESP_055678_2290_RED,16
PSP_002033_1325_RED,"1196,1197,1198,1199,1200,1201,1202"
ESP_028910_2240_COLOR,"54,55,57,58"
ESP_018184_1525_COLOR,1124
ESP_013742_2140_COLOR,"707,708"
ESP_042659_2250_RED,541
ESP_050285_1290_COLOR,809
ESP_056127_2190_RED,"74,76,77,78"
ESP_028503_2175_COLOR,86
ESP_050096_2210_COLOR,"499,513"
ESP_045546_2145_RED,"282,283"
ESP_035526_1375_RED,"1234,1235"
ESP_051782_1385_RED,"1061,1062"
ESP_059971_1350_COLOR,1013
ESP_024950_1325_RED,"1196,1197,1198,1199,1201"
ESP_052544_2195_RED,138
PSP_007258_1265_RED,799
ESP_046654_2185_COLOR,"347,348"
ESP_036549_1420_COLOR,900
ESP_052147_1435_COLOR,885
PSP_010345_2150_COLOR,83
ESP_048789_1445_COLOR,"1107,1108,1109,1298"
ESP_028564_1205_COLOR,"1231,1232"
PSP_008256_1400_RED,1144
ESP_035288_1300_COLOR,1191
PSP_005419_1380_COLOR,"999,1000,1001,1277,1278,1279,1280"
PSP_003694_2205_COLOR,"601,605"
ESP_016403_1410_COLOR,"1072,1073,1074,1293,1294"
ESP_035040_1325_COLOR,742
ESP_024593_2265_RED,416
ESP_029967_1360_RED,876
ESP_056417_2210_COLOR,"60,61,64"
ESP_046606_1295_COLOR,804
PSP_001570_2215_RED,"360,363,364"
ESP_027363_1445_RED,"1182,1183,1188,1190"
ESP_056862_1325_RED,1229
ESP_017807_2255_COLOR,"38,41,42"
PSP_004832_1310_RED,1267
ESP_028488_2265_COLOR,"31,45"
ESP_016408_1435_RED,"747,748"
ESP_046382_2295_COLOR,"22,23"
ESP_017089_1430_COLOR,1110
ESP_049999_1450_COLOR,899
ESP_048962_1320_RED,1140
ESP_057005_1525_RED,1124
ESP_016675_1410_RED,"869,870,871"
ESP_045606_2175_COLOR,86
ESP_051281_1405_RED,"1085,1292"
ESP_023497_1395_COLOR,"1031,1032"
ESP_017363_1420_RED,900
ESP_019358_2225_COLOR,"429,430,431,432"
ESP_016706_1380_COLOR,"986,999,1000,1277,1278,1279,1280"
ESP_021791_1365_RED,862
ESP_047012_1205_COLOR,"1231,1232"
ESP_033046_2210_COLOR,575
PSP_007884_2195_RED,"198,199,200"
ESP_024344_1325_COLOR,1229
ESP_020270_2185_RED,2
PSP_003243_1415_COLOR,"946,947,949,950,951,952,1271,1272"
PSP_007171_2145_COLOR,192
ESP_037292_2175_RED,595
ESP_057162_1330_RED,982
ESP_027434_2250_RED,81
ESP_043705_2225_COLOR,18
ESP_058847_2145_COLOR,"120,121,122"
ESP_056861_1315_COLOR,1140
ESP_024883_2245_RED,398
PSP_007147_1415_RED,"1114,1115"
ESP_047898_1285_COLOR,790
ESP_050843_2195_COLOR,138
ESP_019778_1385_RED,940
ESP_027331_2140_RED,122
ESP_025995_2255_RED,7
ESP_037079_1415_RED,"1084,1089"
ESP_048156_1415_COLOR,1084
ESP_028576_1315_COLOR,1140
ESP_022488_1300_COLOR,809
ESP_019003_1300_RED,1191
PSP_001846_1415_COLOR,1084
ESP_058467_2195_COLOR,"199,200"
PSP_002320_1415_COLOR,"946,947,949,950,951,952,1271,1272"
ESP_056491_2225_COLOR,391
ESP_049476_2235_COLOR,"483,484"
ESP_028969_1405_COLOR,938
ESP_031264_1405_COLOR,"1085,1292"
PSP_008308_2160_COLOR,"324,334,338,339,340,341"
ESP_036539_2100_COLOR,227
ESP_023141_1435_RED,1063
ESP_020803_1355_COLOR,887
ESP_046428_1420_RED,"936,937"
ESP_024476_1325_COLOR,1227
ESP_014294_1240_COLOR,1121
ESP_024611_1430_RED,818
ESP_054973_1405_COLOR,"1066,1067,1068"
ESP_027213_2170_COLOR,"161,162,172"
ESP_045939_2190_RED,193
ESP_047193_1440_COLOR,"988,989"
PSP_009588_2175_RED,659
ESP_028050_2185_RED,"1,2"
PSP_009719_2230_COLOR,"452,458"
ESP_027311_1325_RED,1229
ESP_033784_2220_COLOR,"488,501"
ESP_040351_2210_COLOR,"372,377"
PSP_007016_2160_RED,338
ESP_025582_2225_COLOR,"434,436,437,438"
ESP_025995_2255_COLOR,7
ESP_014307_2130_RED,248
ESP_046936_2235_RED,51
ESP_029009_1400_RED,"1038,1051,1052,1053"
ESP_053549_1415_RED,1084
ESP_022036_2140_RED,707
ESP_020001_2190_RED,193
PSP_008610_1400_COLOR,"1071,1075"
ESP_049639_2265_COLOR,"31,32,38"
ESP_029328_2200_RED,"655,656"
ESP_018279_2200_COLOR,5
ESP_025582_2225_RED,"434,436,437,438"
PSP_002401_2245_COLOR,398
ESP_058382_2250_COLOR,"39,40"
ESP_021560_2170_RED,"352,353"
ESP_044430_2285_RED,9
ESP_016076_2175_COLOR,"715,716"
ESP_020121_1410_RED,"944,945,947,949,951,952,1272"
ESP_044953_2230_COLOR,381
ESP_051215_1410_RED,"1076,1078"
ESP_056838_1410_RED,"762,763"
ESP_043125_2250_RED,"39,40,43"
ESP_045864_1300_COLOR,1191
ESP_058856_1315_COLOR,767
ESP_049766_2210_COLOR,"464,466"
ESP_021928_1415_COLOR,1084
ESP_016752_2300_COLOR,25
ESP_034439_2160_RED,"142,146,159"
PSP_005902_2265_RED,90
ESP_012955_1340_RED,1268
ESP_013199_1390_RED,1111
ESP_033047_1325_RED,1229
ESP_055150_1310_RED,773
ESP_057144_2185_RED,85
ESP_026269_2190_RED,721
ESP_024410_1325_COLOR,1227
ESP_036382_2255_COLOR,"549,550,554"
ESP_054656_1410_RED,956
ESP_057903_1390_RED,1144
ESP_058153_2255_COLOR,"399,415"
ESP_044101_2180_RED,53
ESP_054794_1330_COLOR,771
ESP_028343_2245_RED,54
ESP_052170_1385_RED,774
ESP_029961_1305_RED,1195
ESP_049696_2170_COLOR,"172,173"
ESP_023365_1445_RED,"1029,1030"
ESP_044430_2285_COLOR,9
ESP_012883_2135_RED,272
ESP_047199_1330_COLOR,771
ESP_057010_1265_RED,799
ESP_028626_1400_RED,933
ESP_057340_1300_RED,809
ESP_035037_1400_RED,1144
ESP_035828_2255_RED,"547,548,549,551"
PSP_006672_1420_RED,"1082,1083,1084"
ESP_016247_2270_RED,"641,642,643,644"
ESP_051215_1410_COLOR,1078
ESP_050557_2280_RED,394
ESP_057100_2180_COLOR,1
ESP_056939_1440_COLOR,1122
ESP_014162_2135_COLOR,273
ESP_055227_1420_COLOR,"1253,1254,1309"
ESP_026717_1300_COLOR,1191
ESP_050076_1340_RED,864
ESP_036078_2190_RED,"344,345"
ESP_057402_2250_RED,"626,627,628"
ESP_050839_2245_COLOR,55
ESP_044505_2265_RED,525
ESP_036474_2240_COLOR,"492,493"
ESP_049437_2210_COLOR,"614,615,618"
PSP_004344_1275_RED,"798,799,1264"
ESP_028404_2265_RED,416
ESP_028652_2210_COLOR,"194,195,196,197"
ESP_046673_1350_RED,"838,839,840,841,842"
ESP_049105_1385_RED,"1018,1026"
ESP_056689_2210_RED,"448,449,450"
ESP_028624_2190_COLOR,155
ESP_012935_1415_COLOR,1084
ESP_026717_1300_RED,1191
ESP_029433_2255_COLOR,550
ESP_056764_2165_COLOR,"156,160,164,165,172"
PSP_003922_1275_COLOR,"798,799,1264"
ESP_049142_2155_RED,142
ESP_023604_2230_RED,"429,431,432,433"
PSP_004937_1330_RED,770
ESP_047381_1325_COLOR,1229
ESP_059453_1335_RED,"888,891"
ESP_018857_2225_RED,"429,430,431,432"
PSP_007016_2160_COLOR,338
PSP_005359_1330_RED,771
ESP_052417_2220_RED,622
ESP_016047_1410_RED,"1085,1088,1292"
PSP_010396_2405_COLOR,"19,20"
ESP_046220_2235_RED,"658,671"
ESP_056664_2165_RED,"726,727"
PSP_008181_2405_COLOR,"19,20"
ESP_022101_2210_RED,499
ESP_056689_2210_COLOR,"448,449,450"
ESP_016078_1415_RED,735
ESP_024732_1360_COLOR,876
ESP_049887_2205_RED,5
ESP_049832_2230_RED,456
PSP_006961_2195_RED,"198,200"
ESP_021758_1505_COLOR,1127
ESP_034695_2175_RED,716
ESP_013858_1405_COLOR,"1074,1293"
ESP_033485_1290_RED,"792,794"
ESP_049841_2150_RED,"146,147"
PSP_007135_2220_COLOR,"488,501"
ESP_012555_1325_RED,"1196,1197,1198,1199,1201"
ESP_057691_2175_RED,"318,319"
ESP_046258_2160_COLOR,277
ESP_028482_1445_COLOR,"1107,1108,1298,1299"
ESP_022801_2140_RED,707
ESP_037758_1385_RED,824
ESP_035441_2115_RED,125
ESP_023655_1445_RED,"1029,1030"
ESP_019253_2245_COLOR,"551,552,553"
ESP_060984_2190_RED,155
ESP_016353_2165_COLOR,721
ESP_013739_1370_COLOR,1288
ESP_043283_2220_RED,18
PSP_009811_2155_RED,"324,326"
ESP_046181_1325_COLOR,1229
ESP_045245_1205_RED,"1231,1232"
PSP_007914_2160_RED,721
ESP_056491_2225_RED,391
ESP_016653_1415_RED,"944,947,949,950,951,952,1271,1272"
PSP_008743_2155_RED,"324,338"
PSP_008056_1435_COLOR,"1285,1286"
PSP_006901_1325_COLOR,742
ESP_024710_1350_COLOR,"1014,1015"
PSP_004009_1355_COLOR,"1119,1120"
ESP_046971_2260_COLOR,525
ESP_054480_2180_RED,93
ESP_058531_2135_COLOR,123
PSP_001843_2115_COLOR,125
ESP_057573_1445_RED,1131
ESP_024594_2180_RED,653
ESP_047898_1285_RED,790
ESP_027573_2190_COLOR,359
ESP_023662_1280_RED,833
ESP_054803_2220_RED,"436,437,438"
PSP_004325_1415_RED,"1072,1083,1085,1292"
ESP_027374_1415_COLOR,1084
ESP_048979_1330_RED,771
ESP_033772_2155_COLOR,721
ESP_028890_1415_COLOR,972
ESP_048845_2185_COLOR,"1,2"
ESP_040490_1365_RED,876
ESP_040813_2255_COLOR,"526,527,528,529,530,531,533,536"
ESP_020597_2135_RED,"272,273"
ESP_041046_2075_RED,175
PSP_002076_2290_RED,15
ESP_047776_1300_RED,1191
ESP_023273_1415_RED,1084
ESP_056214_2225_RED,"381,391"
ESP_045415_2220_COLOR,517
ESP_011922_2205_RED,672
ESP_029131_1205_COLOR,"1231,1232"
ESP_036707_2190_COLOR,151
ESP_028055_1365_RED,876
ESP_027507_2190_COLOR,359
ESP_055174_1205_COLOR,"1231,1232"
ESP_024448_2205_RED,"448,449"
ESP_050197_2150_COLOR,142
ESP_018453_2255_RED,"38,41,42"
ESP_029328_2200_COLOR,655
PSP_006794_1420_RED,"1258,1259,1260,1261,1309"
ESP_036393_1400_RED,"1002,1003,1283,1284"
ESP_051814_1340_RED,769
ESP_016233_2295_RED,"469,470,471"
ESP_052588_2210_RED,"499,500"
ESP_016747_2145_COLOR,335
ESP_049931_2190_COLOR,"94,97"
ESP_058481_1380_RED,"1017,1018,1019,1025"
ESP_036106_2170_RED,"726,727"
PSP_004937_1330_COLOR,770
ESP_060314_1470_COLOR,"1057,1058"
ESP_028468_1455_RED,"942,943"
PSP_007792_1405_COLOR,938
PSP_008770_2240_RED,555
ESP_028969_1405_RED,938
ESP_048271_1370_RED,"893,894"
ESP_043593_1445_RED,"1285,1286"
ESP_055436_1500_RED,1128
ESP_056676_2220_RED,"498,501,512"
ESP_039708_1385_COLOR,732
PSP_006691_1270_RED,"798,799,1264,1265"
ESP_059650_2200_RED,105
PSP_002098_2220_RED,"501,509,510,511,512"
PSP_010854_1325_RED,"1196,1197,1198,1199,1201"
ESP_050175_2220_COLOR,"501,512"
ESP_038231_1410_RED,735
ESP_019780_2205_RED,"448,449"
ESP_025752_1395_RED,1080
ESP_041304_1320_COLOR,742
ESP_024689_1435_RED,754
ESP_046786_2220_RED,397
ESP_043306_2175_COLOR,716
ESP_017778_2200_COLOR,5
ESP_039179_1430_COLOR,"1224,1225"
PSP_001635_1445_RED,"1107,1108,1109,1298,1299"
ESP_048290_1450_RED,"1172,1173,1174,1176"
ESP_028142_1205_RED,"1231,1232"
ESP_047590_1520_RED,1125
ESP_024344_1325_RED,1229
ESP_041129_2210_COLOR,"406,407,408,409,410,411,412,413,414"
ESP_026013_2160_RED,"142,156,159"
ESP_024884_2215_RED,657
ESP_042238_2170_COLOR,"717,718"
ESP_048810_2175_COLOR,86
ESP_052259_2145_COLOR,640
ESP_019280_1325_COLOR,"1196,1197,1198,1199,1201,1202"
ESP_043771_2225_RED,18
ESP_043371_2270_RED,"538,539"
ESP_043283_2220_COLOR,18
ESP_020886_1445_RED,"1029,1030"
ESP_046898_1300_COLOR,859
ESP_050074_2300_COLOR,"22,23,24,25"
PSP_007792_1405_RED,938
ESP_047391_1345_COLOR,"1013,1289"
ESP_035618_2175_RED,"715,716"
ESP_022165_1395_COLOR,1002
ESP_042778_2225_RED,"612,619"
ESP_043641_2175_RED,86
ESP_060197_2220_RED,"501,512"
ESP_020151_1205_COLOR,"1231,1232"
PSP_007677_1380_COLOR,"1233,1308"
ESP_059441_2185_COLOR,"151,152"
ESP_059681_1405_RED,"1047,1048,1051"
PSP_005072_1375_RED,881
ESP_057178_1480_COLOR,"1205,1206,1207"
ESP_018725_2215_COLOR,"360,363,364"
ESP_049931_2190_RED,"94,97"
ESP_051079_1355_RED,887
ESP_029576_1350_COLOR,"1014,1015"
ESP_052271_1520_RED,1125
ESP_021641_1205_COLOR,"1231,1232"
ESP_056933_2175_RED,86
PSP_007530_2120_COLOR,"300,311"
PSP_002890_2205_COLOR,"672,673,674"
ESP_038385_1415_COLOR,"1114,1115,1116"
PSP_007624_2160_RED,721
ESP_051849_1520_RED,1125
ESP_038385_1415_RED,"1114,1115,1116"
PSP_003758_1465_RED,1105
ESP_056788_1340_RED,864
ESP_023106_1390_RED,732
PSP_005419_1380_RED,"999,1000,1001,1277,1278,1279,1280"
ESP_056069_2205_RED,"419,420"
ESP_044193_1430_COLOR,"817,819,820"
ESP_016665_1405_COLOR,911
TRA_000831_2220_COLOR,364
ESP_028931_2225_RED,298
ESP_048143_1445_COLOR,"1107,1108,1298,1299"
PSP_010225_2235_RED,"57,66"
ESP_032506_2150_COLOR,698
ESP_036563_2190_COLOR,193
ESP_027825_2140_COLOR,708
PSP_007834_2250_RED,"547,551,552,553"
ESP_057164_2200_COLOR,"491,514"
ESP_045737_1380_RED,"852,853"
ESP_057271_1400_RED,1240
ESP_046209_1390_COLOR,732
ESP_055080_2205_COLOR,464
ESP_014396_1415_COLOR,900
ESP_060856_2220_COLOR,"359,364"
ESP_050361_1325_RED,1229
ESP_046112_1350_RED,"1014,1015"
ESP_023921_1340_COLOR,"1138,1139"
ESP_052610_2175_RED,145
ESP_051942_2210_RED,521
ESP_060383_1325_RED,1229
ESP_044410_2195_RED,"199,200"
ESP_011922_2205_COLOR,672
ESP_037836_1405_COLOR,764
ESP_020425_1445_COLOR,"1107,1108,1298,1299"
ESP_059397_2405_RED,"19,20"
PSP_002411_2190_COLOR,193
ESP_029536_1400_COLOR,"934,935"
ESP_012798_1340_RED,864
PSP_005072_1375_COLOR,881
ESP_014340_1340_RED,855
ESP_034033_1395_RED,"1069,1070"
ESP_056938_1380_COLOR,"1026,1290,1291"
ESP_012328_1375_COLOR,"1000,1277,1279,1280"
ESP_037586_1290_RED,"796,807,808"
PSP_003243_1415_RED,"946,947,949,950,951,952,1271,1272"
ESP_055845_2220_RED,"498,501,511"
PSP_001768_2160_COLOR,338
ESP_028284_1415_RED,1084
ESP_045648_2170_COLOR,"162,172,173"
ESP_039245_1325_RED,1229
PSP_003758_1465_COLOR,1105
ESP_022049_2170_COLOR,"654,670"
ESP_029246_1345_COLOR,"979,980"
ESP_043159_2145_RED,275
ESP_013742_2140_RED,"707,708"
ESP_029698_1205_RED,"1231,1232"
ESP_044754_1415_RED,1084
PSP_003112_1445_RED,"1107,1108,1109,1298,1299"
ESP_032556_1390_RED,"1033,1034,1035,1036,1037,1054"
ESP_052720_2250_RED,"526,527"
ESP_048145_1450_RED,"1184,1185"
ESP_024538_1470_RED,932
PSP_008519_2210_RED,"389,390,395"
ESP_032572_2145_RED,"709,710"
