H1423_0001_ND3.JP2,"146,147,150,151,152,153,154,155,156,157,158,159,160,161,162,163,164,165,166,167"
HC685_0000_ND3.JP2,891
H0368_0000_ND3.JP2,"934,935"
H1628_0000_ND3.JP2,"125,126,127,128,129,130,131,132,133,134,135,136,137,138,139,140,141,142,143,144,145,146,147,148,149,150,151,152,153,154,155,156,157,158,159,160,161,162,163,164,165,166,167,168,169,170,173"
H1803_0000_ND3.JP2,"1114,1115,1116,1117,1118,1119,1120,1300,1301,1302"
HF127_0000_ND3.JP2,"1131,1132,1133,1134,1135,1136,1137,1138,1139,1140,1141,1142,1143,1144,1303"
H0533_0000_ND3.JP2,"745,746,747,748,749,750,751,753"
H0489_0000_ND3.JP2,"738,739,740,742"
HA736_0000_ND3.JP2,"768,769,770"
H0262_0000_ND3.JP2,"1,2,3,4,5"
HC556_0000_ND3.JP2,1124
H8748_0000_ND3.JP2,872
H2405_0009_ND3.JP2,737
H9526_0000_ND3.JP2,"498,499,500,513,514,515,519,520"
H2681_0000_ND3.JP2,"883,884,886,887,888,889,890,891"
HG154_0000_ND3.JP2,7
HD751_0000_ND3.JP2,191
H0544_0000_ND3.JP2,"745,746,749,750,751,752,753"
H0143_0009_ND3.JP2,"98,99,100,101,102,103,104"
H1402_0009_ND3.JP2,"278,279,280,281,282,283,284,285,286,287"
H1201_0000_ND3.JP2,"653,654,655,656,657,658,659,660,661,662,663,664,665,666,667,671"
H3304_0000_ND3.JP2,"699,700,701,702,703,704,705,706,712,713,714"
HC834_0000_ND3.JP2,"1057,1058"
HC888_0000_ND3.JP2,730
H5213_0000_ND3.JP2,"681,682,689,690,691"
H9561_0000_ND3.JP2,"286,288,289,290,291"
H0037_0000_ND3.JP2,"86,87,88,89,91,92,93,96"
H0494_0000_ND3.JP2,"893,894"
H2664_0001_ND3.JP2,"1119,1120"
HF646_0000_ND3.JP2,"278,279,280,281,282,283,284,285"
H1854_0009_ND3.JP2,"941,942,943,944,945,946,947,948,949,950,951,952,953,954,956,957,958,959,960,961,962,963,964,965,966,967,968,969,970,971,972,973,974,976,977,978,983,986,987,988,989,990,991,998,999,1000,1001,1003,1004,1005,1271,1272,1273,1274,1277,1278,1279,1280"
H5491_0000_ND3.JP2,"19,20"
HG147_0000_ND3.JP2,"7,8,9,10,11,12,14"
H5249_0000_ND3.JP2,"692,693,694,695,696,697,698,707,708,709,710"
H2359_0000_ND3.JP2,"903,1270"
HD745_0000_ND3.JP2,"408,409,419,420,421,422,423,424,425,426,427,428,429,430,431,432,433,434,436,437"
HD775_0000_ND3.JP2,"98,99,100"
H5285_0000_ND3.JP2,"712,713,714,715,717,718,719,720"
HC692_0000_ND3.JP2,"883,884,886,887"
HF982_0000_ND3.JP2,82
H6628_0000_ND3.JP2,"801,802,803,804,805,806,808"
HG430_0000_ND3.JP2,"939,940,941,944,945,946,947,948,949,950,951,952,956,957,971,972,973,974,1027,1028,1029,1030,1040,1041,1057,1058,1063,1064,1271,1272,1273,1283,1284,1285,1286"
H1576_0009_ND3.JP2,83
H1391_0000_ND3.JP2,"263,264,265,266,267,268,269,270,271,272,273,274,275,276,277,281,282"
H0508_0000_ND3.JP2,"849,850,851,852,853,854,855,856,857,1269"
HA708_0000_ND3.JP2,"809,813,814"
H2688_0000_ND3.JP2,"859,861"
HG565_0000_ND3.JP2,893
H5195_0000_ND3.JP2,"678,679,680"
H1221_0000_ND3.JP2,"102,103,105"
H2631_0001_ND3.JP2,"1114,1115,1116,1117,1118,1119,1120,1300,1301,1302"
H8706_0000_ND3.JP2,"888,889,890,891"
H1368_0000_ND3.JP2,"123,124"
HF917_0000_ND3.JP2,"292,293,294,295,296,297,298,299,300,301,302,303,304,305,306,307,308,314,315,316,317,318,319"
HC849_0000_ND3.JP2,"1243,1244,1245,1246,1247,1248,1249,1250,1251,1252,1259,1260,1261"
H8708_0000_ND3.JP2,"1247,1248,1249,1250,1251,1252,1253,1254,1255,1256,1257,1258,1259,1260,1261,1309"
HF014_0000_ND3.JP2,"1119,1120"
H0598_0000_ND3.JP2,1131
H4376_0000_ND3.JP2,754
H1395_0000_ND3.JP2,"557,558,559,560,561,562,563,564,565,566,567,568,569,570,571,572,574,575,576,577,578,579,580,581,582,583,584,585,586,587,588"
H2921_0000_ND3.JP2,"106,107,108,109,110,111,112,113"
H0478_0000_ND3.JP2,"735,738"
HE836_0000_ND3.JP2,823
H1592_0000_ND3.JP2,"979,980,981,982,984,985,986,992,993,994,995,996,997,998,999,1000,1001,1002,1003,1004,1005,1006,1007,1008,1009,1010,1011,1012,1013,1014,1015,1016,1017,1018,1019,1020,1021,1022,1023,1024,1025,1026,1027,1028,1029,1030,1031,1032,1033,1034,1035,1036,1037,1038,1039,1040,1041,1042,1043,1044,1045,1046,1047,1048,1049,1050,1051,1052,1053,1054,1055,1056,1057,1058,1059,1060,1061,1062,1063,1064,1065,1066,1067,1068,1069,1070,1071,1072,1073,1074,1075,1076,1077,1078,1079,1080,1081,1082,1083,1084,1085,1086,1087,1088,1089,1090,1091,1092,1093,1094,1095,1096,1097,1098,1099,1100,1101,1102,1103,1104,1105,1106,1107,1108,1109,1110,1111,1112,1113,1114,1115,1116,1117,1118,1119,1120,1275,1276,1277,1278,1279,1280,1281,1282,1283,1284,1285,1286,1287,1288,1289,1290,1291,1292,1293,1294,1295,1296,1297,1298,1299,1300,1301,1302"
HG200_0000_ND3.JP2,"70,71,72,73,74,75,76,77,78"
H1468_0001_ND3.JP2,"309,310,321,322,323,324,325,326,327,328,329,330,331,332,333,334,335"
H5191_0000_ND3.JP2,300
HD690_0000_ND3.JP2,"48,49,52"
H5376_0000_ND3.JP2,"70,73"
H5436_0000_ND3.JP2,"635,636,641,642,643,644,645,646,647"
HF916_0000_ND3.JP2,"146,147,150,151,152,153,154,155,156,157,158,159,160,161,162,163,164,165"
HE946_0000_ND3.JP2,"895,896"
HE811_0009_ND3.JP2,749
HA633_0000_ND3.JP2,"1167,1168,1169,1170"
H8728_0000_ND3.JP2,"934,935,936,937,938,939,940"
HD125_0000_ND3.JP2,"7,8,9,10,11,12,13,14,15,16,17,18,19,20,21,22,23,24,25,26,27,28,29,30,31,32,33,34,35,36,37,38,39,40,41,42,43,44,45,46,47,48,49,50,51,52,53,54,55,56,57,58,59,60,61,62,63,64,65,66,67,68,69,70,71,72,73,74,75,76,77,78,198,199,200"
H1644_0000_ND3.JP2,"556,559,560,561,562,563,564,565,566,567,568,569,570,571,572,573,574,575,576,577,578,579,580,581,584,585,586,587,588,589,590,591,592,593,594,595,596,597,598,599,600,601,602,603,604,605,606,607,608,609,615"
HG448_0000_ND3.JP2,"1127,1128,1129"
H7439_0000_ND3.JP2,"228,229,230,231,232,233,234,238,239,242"
HG844_0000_ND3.JP2,"1098,1296,1297"
HD511_0000_ND3.JP2,"201,202,203,204,205,206,207,208,209,210,211,212,213,214,215,216,217,218,219,220,221,222,223,224,225,226,227,228,229,230,231,232,233,234,235,236,237,238,239,240,241,242,243,244,245,246,247,248,249,250,251,252,253,254,255,256,257,258,259,260,261,262,263,264,265,266,267,268,269,270,271,272,273,274,275,276,277,278,279,280,281,282,283,284,285,286,287,288,289,290,291,292,293,294,295,296,297,298,299,300,301,302,303,304,305,306,307,308,309,310,311,312,313,314,315,316,317,318,319,320,321,322,323,324,325,326,327,328,329,330,331,332,333,334,335,336,337,338,339,340,341,342,343,344,345,346,347,348,349,350,351,352,353,354,355,356,357,358,359,360,361,362,363,364,365,366,367,368,369,370,371,372,373,374,375,376,377,378,379,380,381,382,383,384,385,386,387,388,389,390,391,392,393,394,395,396,397,398,399,400,401,402,403,404,405,406,407,408,409,410,411,412,413,414,415,416,417,418,419,420,421,422,423,424,425,426,427,428,429,430,431,432,433,434,435,436,437,438,439,440,441,442,443,444,445,446,447,448,449,450,451,452,453,454,455,456,457,458,459,460,461,462,463,464,465,466,467,468,469,470,471,472,473,474,475,476,477,478,479,480,481,482,483,484,485,486,487,488,489,490,491,492,493,494,495,496,497,498,499,500,501,502,503,504,505,506,507,508,509,510,511,512,513,514,515,516,517,518,519,520,521,522,523,524,525,526,527,528,529,530,531,532,533,534,535,536,537,538,539,540,541,542,543,544,545,546,547,548,549,550,551,552,553,554,555,556,557,558,559,560,561,562,563,564,565,566,567,568,569,570,571,572,573,574,575,576,577,578,579,580,581,582,583,584,585,586,587,588,591,597,598,599,600,601,605,606,607,608,609,610,611,612,613,614,615,616,617,618,619,621,622,623,624,625,626,627,628,629,630,635,636,641,642,643,644,645,646,647,648,649,651,652,660,661,662,663,664,665,676,677,942,943,955,958,959,960,961,962,963,964,965,966,967,968,969,970,971,972,973,974,976,977,978,983,987,988,989,990,991,999,1000,1001,1002,1003,1004,1005,1006,1009,1010,1011,1012,1016,1017,1018,1019,1020,1021,1022,1023,1024,1025,1026,1027,1028,1029,1030,1031,1032,1033,1034,1035,1036,1037,1038,1039,1040,1041,1042,1043,1044,1045,1046,1047,1048,1049,1050,1051,1052,1053,1054,1055,1056,1057,1058,1059,1060,1061,1062,1063,1064,1065,1066,1067,1068,1069,1070,1071,1072,1073,1074,1075,1076,1077,1078,1079,1080,1081,1082,1083,1084,1085,1086,1087,1088,1089,1090,1091,1092,1093,1094,1095,1096,1097,1098,1099,1100,1101,1102,1103,1104,1105,1106,1107,1108,1109,1110,1111,1112,1113,1114,1115,1116,1117,1118,1119,1120,1124,1273,1274,1277,1278,1279,1280,1283,1284,1285,1286,1290,1291,1292,1293,1294,1295,1296,1297,1298,1299,1300,1301,1302"
HH508_0000_ND3.JP2,"26,27,28,29,30,31,32,33,34,35,36,37,38,39,40,41,42,43,44,45,46,47,48,49,50,51,52,53,54,55,56,57,58,59,60,61,62,63,64,65,66,67,68,69,70,71,72,73,74,75,76,77,78,79,80,81,82,83,90"
HA316_0001_ND3.JP2,"288,289,297,298,299,305,306,307,308"
H2312_0000_ND3.JP2,"1006,1007,1008,1288"
H7420_0000_ND3.JP2,"114,115"
HF657_0000_ND3.JP2,"653,658,660,661,662,671,672,673,674,675,676,677"
H4245_0000_ND3.JP2,872
H5210_0001_ND3.JP2,"744,745,746,749,750,751,752,753,755,756"
H8546_0000_ND3.JP2,"1234,1235"
H5314_0000_ND3.JP2,"1,2"
H4615_0009_ND3.JP2,"869,870,871,873,874,875,876"
H2684_0000_ND3.JP2,1268
H1596_0001_ND3.JP2,"204,205,206,207,208,209,210,211,212,213,214,215,216,217,218,219,220,221,222,223,224,225,226,227,228,229,230,231,232,233,234,235,236,237,238,239,240,241,242,243,244,245,246,247,248,249,250,251,252,253,254,255,256,257,258,259,260,261,262"
H2148_0000_ND3.JP2,1226
H1594_0000_ND3.JP2,"70,71,72,73,74,75,76,77,78"
HF597_0000_ND3.JP2,"524,525,526,527,528,529,530,531,532,533,534,536,537,538,539,540,541,542,543,544"
H5263_0001_ND3.JP2,"1127,1128,1129,1130"
HC813_0000_ND3.JP2,"1114,1115,1116,1117,1118,1300,1301,1302"
H2687_0000_ND3.JP2,730
H1876_0000_ND3.JP2,"953,954,958,959,960,961,962,963,964,965,966,967,968,969,970,976,977,978,983,987,988,989,990,991,1004,1005,1274"
H0488_0000_ND3.JP2,1125
H7357_0000_ND3.JP2,"300,301,302,303,304,311,312,314,315,316"
H2438_0000_ND3.JP2,"736,738,739,740"
H5321_0000_ND3.JP2,"721,722,723"
H6477_0000_ND3.JP2,"1146,1147"
HD764_0009_ND3.JP2,"70,71,72,73,74,75,76,77,78"
HA721_0000_ND3.JP2,"1144,1151"
HC746_0000_ND3.JP2,"19,20,53,54,55,56,57,58,60,61,62,63,64,65,66,67,68,69,70,71,72,73,74,75,76,77,78,79,80,81,82,83,84,85,90,201,202,203,204,205,206,207,208,209,210,211,212,213,214,215,216,217,218,219,220,221,222,223,224,225,226,227,228,229,230,231,232,233,234,235,236,237,238,239,240,241,242,243,244,245,246,247,248,249,250,251,252,253,254,255,256,257,258,259,260,261,262,263,264,265,266,267,268,269,270,271,272,273,274,275,276,277,278,279,280,281,282,283,284,285,286,287,288,289,290,291,292,293,294,295,296,297,298,299,300,301,302,303,304,305,306,307,308,309,310,311,312,313,314,315,316,317,318,319,320,321,322,323,326,327,328,329,330,331"
HF641_0000_ND3.JP2,"106,107,108,109,110,111,112,113"
H5401_0000_ND3.JP2,"8,9,11,12,14"
H2598_0001_ND3.JP2,"1106,1107,1108,1109,1110,1111,1112,1113,1114,1115,1116,1298,1299"
H1404_0001_ND3.JP2,"84,85,86,87,88,89,90,91,92"
H6449_0000_ND3.JP2,732
H1550_0000_ND3.JP2,"31,32,35,36,37,38,39,40,41,42,43,44,45,46,47,48,49,50,51,52,53,54,55,56,57,58,59,63,64,65,66,67,68"
H2878_0000_ND3.JP2,"194,195,196,197"
HD329_0000_ND3.JP2,"19,20"
H2644_0000_ND3.JP2,"858,859,860,861"
H4235_0000_ND3.JP2,917
H0376_0000_ND3.JP2,"736,737"
H0577_0000_ND3.JP2,"754,755,756,757,758,759,760,761"
H6393_0000_ND3.JP2,897
H2628_0001_ND3.JP2,1226
HE835_0000_ND3.JP2,"1213,1214,1215,1216,1217"
H1485_0009_ND3.JP2,"114,115"
H5387_0000_ND3.JP2,"81,82"
H2665_0001_ND3.JP2,730
H8584_0000_ND3.JP2,"1114,1115,1116"
HC715_0000_ND3.JP2,1222
H8599_0000_ND3.JP2,"728,729"
H5407_0000_ND3.JP2,"441,469,470,471,476,478,479"
HD366_0000_ND3.JP2,"1,2,3,4,5,278,279,280,284,285,286,287,290,291,292,293,294,295,296,297,300,301,302,303,304,305,306,308,309,310,311,312,313,314,315,316,317,318,319,320,321,322,324,325,326,327,328,329,330,331,332,333,334,335,336,337,338,339,340,341,342,343,344,345,346,347,348,349,350,351,352,353,354,355,356,357,358,359,360,361,362,363,364,365,366,367,368,369,370,371,372,373,374,375,376,377,378,379,380,381,382,383,384,385,386,387,388,389,390,391,392,393,394,395,396,397,398,399,400,401,402,403,404,405,406,407,408,409,410,411,412,413,414,415,416,417,418,419,420,421,422,423,424,425,426,427,428,429,430,431,432,433,434,435,436,437,438,439,440,441,442,443,444,445,446,447,448,449,450,451,452,453,454,455,456,457,458,459,460,461,462,463,464,465,466,467,468,469,470,471,472,473,474,475,476,477,478,479,480,481,482,483,484,485,486,487,488,489,490,491,492,493,494,495,496,497,498,499,500,501,502,503,504,505,506,507,508,509,510,511,512,513,514,515,516,517,518,519,520,521,522,523,524,525,526,527,528,529,530,531,532,533,534,535,536,537,538,539,540,541,542,543,544,545,546,547,548,549,550,551,552,553,554,555,556,557,558,559,560,561,562,563,564,565,566,567,568,569,570,571,572,573,574,575,576,577,578,579,580,581,582,583,584,585,586,587,588,589,590,591,592,593,594,595,596,597,598,599,600,601,602,603,604,605,606,607,608,609,610,611,612,613,614,615,616,617,618,619,620,621,622,623,624,625,626,627,628,629,630,631,632,633,634,635,636,637,638,639,640,641,642,643,644,645,646,647,648,649,650,651,652,653,654,655,656,657,658,659,660,661,662,663,664,665,666,667,668,669,670,671,672,673,674,675,676,677,678,679,680,681,682,683,684,685,686,687,688,689,690,691,692,693,694,695,696,697,698,699,700,701,702,703,704,705,706,707,708,709,710,711,712,713,714,715,716,717,718,719,720,721,722,723,724,725,726,727,932,933,934,935,936,937,938,939,940,941,942,943,944,945,946,947,948,949,950,951,952,953,954,955,956,957,958,959,960,961,962,963,964,965,966,967,968,969,970,971,972,973,974,975,976,977,978,979,980,981,982,983,984,985,986,987,988,989,990,991,992,993,994,995,996,997,998,999,1000,1001,1002,1003,1004,1005,1006,1007,1008,1009,1010,1011,1012,1013,1014,1015,1016,1017,1018,1019,1020,1021,1022,1023,1024,1025,1026,1027,1028,1029,1030,1031,1032,1033,1034,1035,1036,1037,1038,1039,1040,1041,1042,1043,1044,1045,1046,1047,1048,1049,1050,1051,1052,1053,1054,1055,1056,1057,1058,1059,1060,1061,1062,1063,1064,1065,1066,1067,1068,1069,1070,1071,1072,1073,1074,1075,1076,1077,1078,1079,1080,1081,1082,1083,1084,1085,1086,1087,1088,1089,1090,1091,1092,1093,1094,1095,1096,1097,1098,1099,1100,1101,1102,1103,1104,1105,1106,1107,1108,1109,1110,1111,1112,1113,1114,1115,1116,1117,1118,1119,1120,1122,1123,1124,1125,1271,1272,1273,1274,1275,1276,1277,1278,1279,1280,1281,1282,1283,1284,1285,1286,1287,1288,1289,1290,1291,1292,1293,1294,1295,1296,1297,1298,1299,1300,1301,1302"
HA678_0000_ND3.JP2,933
HG925_0000_ND3.JP2,"1112,1113"
HG957_0000_ND3.JP2,"83,84,85,86,87,88,89,90,91,92,93,94,95,96,97,98,99,100,101,102,103,104,105,106,107,108,109,110,111,112,113,288,289,292,293,294,295,296,297,298,299,300,301,302,303,304,305,306,307,308,309,310,311,312,313,314,315,316,317,318,319,320,321,322,323,324,325,326,327,328,329,330,331,332,333,334,335,336,337,338,339,340,341,342,343,344,345,346,347,348,349,350,351,352,353,354,355,356,357,358,359,360,361,362,363,364,365,366,367,368,369,370,371,372,373,374,375,376,377,378,379,380,381,382,383,384,385,386,387,388,389,390,391,392,393,394,395,396,397,398,399,400,401,402,403,404,405,406,407,408,409,410,411,412,413,414,415,416,417,418,419,420,421,422,423,424,425,426,427,428,429,430,431,432,433,434,435,436,437,438,439,440,441,442,443,444,445,446,447,448,449,450,451,452,453,454,455,456,457,458,459,460,461,462,463,464,465,466,467,468,469,470,471,472,473,474,475,476,477,478,479,480,481,482,483,484,485,486,487,488,489,490,491,492,493,494,495,496,497,498,499,500,501,502,503,504,505,506,507,508,509,510,511,512,513,514,515,516,517,518,519,520,521,522,523,524,525,526,527,528,529,530,531,532,533,534,535,536,537,538,539,540,541,542,543,544,545,546,547,548,549,550,551,552,553,554,555,556,557,558,559,560,561,562,563,564,565,566,567,568,569,570,571,572,573,574,575,576,577,578,579,580,581,582,583,584,585,586,587,588,589,590,591,592,593,594,595,596,597,598,599,600,601,602,603,604,605,606,607,608,609,610,611,612,613,614,615,616,617,618,619,620,621,622,623,624,625,626,627,628,629,630,631,632,633,634,635,636"
H1609_0009_ND3.JP2,"84,85"
HG207_0000_ND3.JP2,"52,53,54,55,56,57,58,59,60,61,62,63,64,65,66,67,68,69,70,71,72,73,74,75,76,77,78"
HG811_0000_ND3.JP2,"869,870,871,873,874,875"
HD927_0000_ND3.JP2,"166,167,168,169"
H9580_0000_ND3.JP2,23
H8574_0000_ND3.JP2,"1203,1204,1208,1304,1305,1306,1307"
H2612_0000_ND3.JP2,"908,909,910"
HC772_0000_ND3.JP2,"757,758,759,760,761"
H0550_0000_ND3.JP2,"1104,1105,1106,1107,1108,1109,1110,1298,1299"
H2669_0000_ND3.JP2,"762,763,764,765,766,767,768,769,770,771,772,773,774,775"
H6667_0000_ND3.JP2,"741,742,743,744"
H3289_0000_ND3.JP2,"396,397,398,399,400,401,402,403,404,405,406,407,408,409,410,411,412,413,414,415,416,417,418,419,420,421,422,423,424,425,426,429,433"
HC939_0000_ND3.JP2,"900,901,902,903,1270"
HD082_0000_ND3.JP2,"750,751,752,753,757,758"
HC738_0000_ND3.JP2,"1,2,3,4,5,6,114,115,116,117,118,119,120,121,122,123,124,125,126,127,128,129,130,131,132,133,134,135,136,137,138,139,140,141,142,143,144,145,146,147,148,149,150,151,152,153,154,155,156,157,158,159,160,161,162,163,164,165,166,167,168,169,170,171,172,173,174,175,176,177,178,179,180,181,182,183,184,185,186,187,188,189,190,191,724"
H0038_0000_ND3.JP2,"1093,1094,1095,1096,1097,1098,1099,1100,1101,1102,1295,1296,1297"
H4190_0000_ND3.JP2,"862,863,864,865"
H1232_0000_ND3.JP2,105
H3253_0000_ND3.JP2,"3,4,5"
HD408_0000_ND3.JP2,"201,202,203,204,205,206,207,208,209,210,211,212,213,214,215,216,217,218,219,220,221,222,223,224,225,226,227,228,229,230,231,232,233,234,235,236,237,238,239,240,241,242,243,244,245,246,247,248,249,250,251,252,253,254,255,256,257,258,259,260,261,262,263,264,265,266,267,268,269,270,271,272,273,274,275,276,277,278,279,280,281,282,283,284,285,286,287,288,289,290,291,292,293,294,295,296,297,298,299,300,301,302,303,304,305,306,307,308,309,310,311,312,313,314,315,316,317,318,319,320,321,322,323,324,325,326,327,328,329,330,331,332,333,334,335,336,337,338,339,340,341,342,343,344,345,346,347,348,349,350,351,352,353,354,355,356,357,358,359,360,361,362,363,364,365,366,367,368,369,370,371,372,373,374,375,376,377,378,379,380,381,382,383,384,385,386,387,388,389,390,391,392,393,394,395,396,397,398,399,400,401,402,403,404,405,406,407,408,409,410,411,412,413,414,415,419,420,421,422,423,424,425,426,427,428,429,430,431,432,433,434,435,436,437,438,439,440,447,448,449,450,451,452,453,454,455,456,457,458,459,460,461,462,463,464,465,466,467,468,472,473,474,480,481,482,488,491,514,519,520,901,902,903,904,905,906,907,908,909,910,911,912,913,914,915,916,917,918,919,920,921,922,923,924,925,926,927,928,929,930,931,932,933,934,935,936,937,938,939,940,941,942,943,944,945,946,947,948,949,950,951,952,953,954,955,956,957,958,959,960,961,962,963,964,965,966,967,968,969,970,971,972,973,974,975,976,977,978,979,980,981,982,983,984,985,986,987,988,989,990,991,992,993,994,995,996,997,998,999,1000,1001,1002,1003,1004,1005,1006,1007,1008,1009,1010,1011,1012,1013,1014,1015,1016,1017,1018,1019,1020,1021,1022,1023,1024,1025,1026,1027,1028,1029,1030,1031,1032,1033,1034,1035,1036,1037,1038,1039,1040,1041,1042,1043,1044,1045,1046,1047,1048,1049,1050,1051,1052,1053,1054,1055,1056,1057,1058,1059,1060,1061,1062,1063,1064,1065,1066,1067,1068,1069,1070,1071,1072,1073,1074,1075,1076,1077,1078,1079,1080,1081,1082,1083,1084,1085,1086,1087,1088,1089,1090,1091,1092,1093,1094,1095,1096,1097,1098,1099,1100,1101,1102,1103,1104,1105,1106,1107,1108,1109,1110,1270,1271,1272,1273,1274,1275,1276,1277,1278,1279,1280,1281,1282,1283,1284,1285,1286,1287,1288,1289,1290,1291,1292,1293,1294,1295,1296,1297,1298,1299"
HG498_0000_ND3.JP2,"1095,1096,1097,1104,1105,1106,1107,1108,1109,1295,1296,1298,1299"
HC831_0000_ND3.JP2,"1137,1138,1139,1140"
HA770_0000_ND3.JP2,"1122,1123"
H8290_0000_ND3.JP2,18
H4297_0000_ND3.JP2,904
HC690_0000_ND3.JP2,1130
HC766_0000_ND3.JP2,"888,889,890"
H9255_0000_ND3.JP2,"1145,1150,1151,1152,1161,1166"
H4978_0000_ND3.JP2,1218
H2574_0003_ND3.JP2,"7,8,9,10,11,12,14,15,16,17,18,19,20,21,22,23,24,25,26,27,28,29,30,31,32,33,34,35,36,37,38,39,40,41,42,43,44,45,46,47,48,50,51,54,55,56,57,58,60,61,62,64,65,66,67,70,72,73,75"
H6523_0000_ND3.JP2,"1117,1300,1301,1302"
HF975_0000_ND3.JP2,"81,82"
H0453_0000_ND3.JP2,"837,838,839,840,841,842,843,844"
H2726_0000_ND3.JP2,"979,980,981,982,984,985,986,992,993,994,995,996,997,998,999,1000,1001,1007,1008,1009,1010,1011,1013,1014,1015,1016,1017,1018,1019,1024,1025,1026,1275,1276,1277,1278,1279,1280,1281,1282,1287,1288,1289,1290,1291"
HC745_0000_ND3.JP2,"893,894"
H2692_0001_ND3.JP2,885
H2195_0000_ND3.JP2,"1119,1120"
HG455_0000_ND3.JP2,"809,810,811,812,813,814,815,816,1266,1267"
H0383_0000_ND3.JP2,749
H6442_0000_ND3.JP2,"760,761"
H4355_0000_ND3.JP2,881
H5360_0000_ND3.JP2,"238,239,240,241,242,243,244,245"
HC767_0000_ND3.JP2,"1001,1002,1003,1006,1283,1284"
HC841_0000_ND3.JP2,"7,8,9,10,11,12,14,15,16,17,18,19,20,21,22,23,24,25,26,27,28,29,30,31,32,33,34,35,36,37,38,39,40,41,42,43,44,45,46,47,48,49,50,51,52,53,54,55,56,57,58,59,60,61,62,63,64,65,66,67,68,69,70,71,72,73,74,75,76,77,78,79,80,81,82,201,202,203,204,205,206,207,208,209,210,211,212,213,214,215,216,217,218,219,220,221,222,223,224,225,226,227,228,229,230,231,232,233,234,235,236,237"
H7512_0000_ND3.JP2,"70,71,72,73,75,76,77,78"
H2501_0000_ND3.JP2,"855,856,857,1269"
H2441_0000_ND3.JP2,"1191,1192,1193,1194,1195,1196,1197,1198,1199,1200,1201,1202"
HC730_0009_ND3.JP2,"817,818,819,820"
HC751_0000_ND3.JP2,"787,788,789"
H2694_0001_ND3.JP2,"1233,1234,1235,1238,1239,1240,1241,1242,1308"
H5267_0000_ND3.JP2,"699,700,701,702,703,704,705,706,707,708,709,710,711,712,713,714"
H8557_0000_ND3.JP2,"736,737"
H0397_0000_ND3.JP2,"1238,1239,1241"
HG146_0000_ND3.JP2,"557,558,559,560,561,562,563,564,565,566,567,568,569,570,571,572,573,574,575,576,577,578,579,580,581,582,583,584,585,586,587,588,589,590,591,592,593,594,595,596,597,598,599,600,601,602,603,604,605,606,607,608,609,610,611,612,613,614,615,619,620"
H4815_0000_ND3.JP2,"1231,1232,1236,1237"
HH050_0000_ND3.JP2,"19,20,70,71,72,73,74,75,76,77,78,79,80,81,82,83"
HF733_0009_ND3.JP2,"142,144"
H2630_0001_ND3.JP2,898
HF845_0000_ND3.JP2,"94,95,96,97"
H6501_0000_ND3.JP2,"913,914"
H8730_0000_ND3.JP2,1268
HE088_0000_ND3.JP2,"732,733,734,735,736,737,738,739,740,741,742,743,744,745,746,747,748,749,750,751,752,753,754,755,756,757,758,759,760,761,762,763,764,765,766,767,768,769,770,771,772,773,774,775,776,777,778,779,780,781,782,783,784,785,786,787,788,789,790,791,792,793,794,795,796,797,798,799,800,801,802,803,804,805,806,807,808,809,810,811,812,813,814,815,816,817,818,819,820,908,909,910,911,912,913,914,915,916,917,918,919,920,921,922,923,924,925,926,927,928,929,930,931,932,933,934,935,936,937,938,939,940,941,942,943,944,945,946,947,948,949,950,951,952,953,954,955,956,957,958,959,960,961,962,963,964,965,966,967,968,969,970,971,972,973,974,975,976,977,978,979,980,981,982,983,984,985,986,987,988,989,990,991,992,993,994,995,996,997,998,999,1000,1001,1002,1003,1004,1005,1006,1007,1008,1009,1010,1011,1012,1013,1014,1015,1016,1017,1018,1019,1021,1022,1023,1024,1025,1026,1029,1035,1036,1037,1055,1262,1263,1264,1265,1266,1267,1271,1272,1273,1274,1275,1276,1277,1278,1279,1280,1281,1282,1283,1284,1285,1286,1287,1288,1289,1290,1291"
H9492_0000_ND3.JP2,18
H2895_0000_ND3.JP2,"81,82"
H2719_0000_ND3.JP2,1121
H5281_0000_ND3.JP2,"324,333,334,335,336,337,338,339,340,341,342,343,344,345,346,347,348,349"
H8669_0000_ND3.JP2,"1203,1204"
H0266_0000_ND3.JP2,"845,846,847,848"
HD067_0000_ND3.JP2,"1131,1132,1133,1134,1135,1136,1137,1138,1139,1140,1141,1142,1143,1144,1145,1303"
HA274_0000_ND3.JP2,"537,538,539,540,541,542,543,544,545,546,547,548,549,550,551,552,553,554,555,557,558,560"
HC758_0000_ND3.JP2,"771,774,775,776,777,778,779,1262"
HG753_0000_ND3.JP2,"1137,1138,1139,1140,1144,1145"
H7463_0000_ND3.JP2,"123,124"
HC743_0000_ND3.JP2,1167
H7118_0000_ND3.JP2,"1152,1166"
H8699_0000_ND3.JP2,892
H2660_0001_ND3.JP2,"934,935,936,937,938,939,940,941,942,943,944,945,946,947,948,949,950,951,952,953,954,955,956,957,962,963,1271,1272,1273"
H5081_0000_ND3.JP2,"71,72,73,74,75,76,77,78"
HF119_0000_ND3.JP2,"912,913,914"
HC637_0000_ND3.JP2,1124
HG863_0000_ND3.JP2,"762,763,764"
HG856_0009_ND3.JP2,"776,778"
H7407_0009_ND3.JP2,"321,322,327,328,329,330,331,332"
H0587_0000_ND3.JP2,"1129,1130"
H2287_0001_ND3.JP2,"1152,1166"
H2663_0001_ND3.JP2,"897,898"
H5365_0000_ND3.JP2,7
H5322_0000_ND3.JP2,"53,54,55,56,57,59,60,61,62,63,64,65,66,67,68"
HG505_0000_ND3.JP2,"519,520,523,535,555,556,559,560,561,562,563,564,565,566,567,568,569,570,571,572,573,574,575,576,577,578,579,580,581,584,585,586,587,588,589,590,591,592,593,594,595,596,597,598,599,600,601,602,603,604,605,606,607,608,609,610,611,612,613,614,615,616,617,618,619,620,621,622,623,624,625,626,627,628,629,630,631,632,633,634,635,636,637,638,639,640,641,642,643,644,645,646,647,648,649,650,651,652,653,654,655,656,657,658,659,660,661,662,663,664,665,666,667,668,669,670,671,672,673,674,675,676,677,678,679,680,681,682,683,684,685,686,687,688,689,690,691,692,693,694,695,696,697,698,699,700,701,702,703,704,705,706,707,708,709,710,711,712,713,714,715,716,717,718,719,720,721,722,723,724,725,726,727,728,729,730,731,732,733,734,735,736,737,738,739,740,741,742,743,744,745,746,747,748,749,750,751,752,753,754,755,756,757,758,759,760,761,762,763,764,765,766,767,768,769,770,771,772,773,774,775,776,777,778,779,780,781,782,783,784,785,786,787,788,789,790,791,792,793,794,795,796,797,798,799,800,801,802,803,804,805,806,807,808,809,810,811,812,813,814,815,816,817,818,819,820,821,822,823,824,825,826,827,828,829,830,831,832,833,834,835,836,837,838,839,840,841,842,843,844,845,846,847,848,849,850,851,852,853,854,855,856,857,1262,1263,1264,1265,1266,1267,1268,1269"
HE372_0000_ND3.JP2,"201,736,737,741,742,743,744,1081,1091,1092,1093,1094,1095,1096,1097,1098,1100,1101,1102,1103,1104,1105,1106,1107,1108,1109,1110,1111,1112,1113,1114,1115,1116,1117,1118,1119,1120,1121,1122,1123,1124,1125,1126,1127,1128,1129,1130,1131,1134,1137,1138,1139,1140,1144,1145,1148,1149,1150,1151,1152,1153,1154,1155,1156,1157,1158,1159,1160,1161,1162,1166,1171,1191,1192,1193,1194,1195,1196,1197,1198,1199,1200,1201,1202,1209,1210,1231,1232,1236,1237,1295,1296,1297,1298,1299,1300,1301,1302"
H2667_0000_ND3.JP2,913
H5303_0000_ND3.JP2,"715,716,717,718"
H4076_0000_ND3.JP2,827
HE818_0000_ND3.JP2,743
H2872_0000_ND3.JP2,"3,4,5,6"
H4645_0000_ND3.JP2,"904,905,906,907"
H0510_0000_ND3.JP2,1126
H7500_0000_ND3.JP2,"524,525,526,527,528,529,530,531,532,533,534,536"
H4210_0001_ND3.JP2,1124
H6742_0001_ND3.JP2,744
H6552_0000_ND3.JP2,"1154,1155,1156,1157,1158,1159,1160,1162,1163,1164,1165"
H0405_0000_ND3.JP2,"777,778,779,1262,1263"
H5317_0000_ND3.JP2,"365,371,372,373,374,375,377,378,379,380,381,382,383,384,385,386,387,388,389,390,391,392,393,394,395"
H1629_0000_ND3.JP2,"278,279,280,284,285,286,287,288,289,290,291,292,293,294,295,296,297,298,299,300,301,302,303,304,305,306,307,308,311,312,313,314,315,316,317,318,319,320"
H2541_0000_ND3.JP2,"815,816"
HH710_0000_ND3.JP2,80
H0424_0000_ND3.JP2,"862,863,864,865"
H8596_0000_ND3.JP2,800
H4290_0000_ND3.JP2,918
H4349_0000_ND3.JP2,"1104,1105"
HH444_0000_ND3.JP2,"79,80,81,82,83,84,85,86,87,88,89,90,91,92,93,94,95,96,97,98,99,100,101,103,104,114,115,148,149,166,167,168,169,182,183,191,817,818,819,820,821,822,823,824,825,826,827,837,838,839,840,841,842,843,844,845,846,847,848,849,850,851,852,853,854"
H2400_0001_ND3.JP2,"1031,1032,1033,1034,1049,1050,1051,1054,1055"
H5324_0000_ND3.JP2,"204,206,207,208,209,210,211,212,213,214,215,216,217,218,227,235,236,237"
HF896_0000_ND3.JP2,"419,421,422,423,424,425,426,427,428,429,430,431,432,433,434,435,436,437,438,439,447,448,449,450,453,461,462"
H5357_0000_ND3.JP2,724
HE760_0000_ND3.JP2,917
H2162_0001_ND3.JP2,"1117,1118,1300,1301,1302"
H5286_0000_ND3.JP2,"39,40,41,42,43,44,45,46,47,50,51"
H0554_0000_ND3.JP2,"1127,1128,1129,1130"
H2648_0000_ND3.JP2,"882,885"
H0486_0000_ND3.JP2,"845,846,847,848"
H8304_0000_ND3.JP2,"7,10,11,12"
H2403_0001_ND3.JP2,"901,902,903"
H1574_0008_ND3.JP2,"202,203,212,213,214,215,216,217,218,235,236"
H4477_0002_ND3.JP2,"941,944,945,946,947,948,949,950,951,952,956,957,971,972,973,974,1271,1272,1273"
H1312_0000_ND3.JP2,"48,49,52,53,64,65"
HA872_0000_ND3.JP2,"1118,1119,1120"
HE778_0000_ND3.JP2,"1095,1096,1097,1098,1296,1297"
H1202_0000_ND3.JP2,13
H6498_0000_ND3.JP2,"1114,1115,1116"
HD856_0000_ND3.JP2,"101,102,103,104"
HF838_0000_ND3.JP2,101
H2864_0000_ND3.JP2,"305,306,309,310,313,318,320,321,322,323,324,325,326,327,328,329,330,331,332,333,334,335,336,337,338,339,340,341,342,343,344,345,346,347,348,349,350,351,352,353,354,355,356,357,358,359,360,361,362,363,364,365,366,367,368,369,370,376,383,384"
HD089_0000_ND3.JP2,"743,745,746,749,750,751,752,753"
HF922_0000_ND3.JP2,"70,71,72,73,75,76,77,78"
H2650_0000_ND3.JP2,"1226,1227,1228,1229,1230,1231,1232"
HG467_0000_ND3.JP2,"911,912,913,914"
H6578_0000_ND3.JP2,"792,793,795,796,798,799,800,801,802,803,806,807,808"
HC863_0000_ND3.JP2,1308
HE150_0000_ND3.JP2,"767,768,769,770,771,772,773,774,775,776,777,778,779,780,781,782,783,784,785,786,787,788,789,790,791,792,793,794,795,796,797,798,799,800,801,802,803,804,805,806,807,808,809,810,811,812,813,814,815,816,817,818,819,820,821,822,823,824,825,826,827,828,829,830,831,832,833,834,835,836,837,838,839,840,841,842,843,844,845,846,847,848,849,850,851,852,853,854,855,856,857,924,925,926,927,928,929,930,931,932,933,934,935,936,937,938,939,940,941,942,943,944,945,946,947,948,949,950,951,952,953,954,955,956,957,958,959,960,961,962,963,964,965,966,967,968,969,970,971,972,973,974,975,976,977,978,979,980,981,982,983,984,985,986,987,988,989,990,991,992,993,994,995,996,997,998,999,1000,1001,1002,1003,1004,1005,1006,1007,1008,1009,1010,1011,1012,1013,1014,1015,1016,1017,1018,1019,1020,1021,1022,1023,1024,1025,1026,1027,1028,1029,1030,1031,1032,1033,1034,1035,1036,1037,1038,1039,1040,1041,1042,1043,1044,1045,1046,1047,1048,1049,1050,1051,1052,1053,1054,1055,1056,1057,1058,1059,1060,1061,1062,1063,1064,1065,1066,1067,1068,1069,1070,1071,1072,1073,1074,1075,1076,1077,1078,1079,1080,1081,1082,1083,1084,1085,1086,1087,1088,1089,1090,1091,1092,1093,1094,1095,1096,1097,1098,1099,1100,1101,1102,1103,1104,1105,1106,1107,1108,1109,1110,1111,1112,1113,1114,1115,1116,1117,1118,1119,1120,1121,1262,1263,1264,1265,1266,1267,1268,1269,1271,1272,1273,1274,1275,1276,1277,1278,1279,1280,1281,1282,1283,1284,1285,1286,1287,1288,1289,1290,1291,1292,1293,1294,1295,1296,1297,1298,1299,1300,1301,1302"
HA706_0000_ND3.JP2,916
H2917_0000_ND3.JP2,82
H1254_0000_ND3.JP2,"108,109,110,111,112,113"
HD778_0000_ND3.JP2,"35,36,37,49"
HD799_0009_ND3.JP2,7
HC860_0000_ND3.JP2,743
HF727_0000_ND3.JP2,"313,318,320"
H2508_0000_ND3.JP2,809
H0528_0000_ND3.JP2,"1100,1101,1102,1103,1104,1105,1106,1107,1108,1109,1298,1299"
H2736_0000_ND3.JP2,"888,889,891,892"
H2466_0000_ND3.JP2,"1059,1060,1061,1062,1065,1066,1067,1068,1069,1070,1075,1076,1077,1078,1079,1080"
H2638_0000_ND3.JP2,"933,934,935,936,937,938,939,940"
H7457_0000_ND3.JP2,"337,346,347,348,350,351,352,353"
HG858_0000_ND3.JP2,"1009,1011,1014,1015,1016,1017,1018,1019,1021,1022,1023,1024,1025,1026,1289,1290,1291"
HD014_0000_ND3.JP2,1126
HE044_0000_ND3.JP2,"837,838,839,840,841,842,843,844,845,846,847,848,849,850,851,852,853,854,855,856,857,858,859,860,861,862,863,864,865,866,867,868,869,870,871,872,873,874,875,876,877,878,879,880,881,882,883,884,885,886,887,888,889,890,891,892,1119,1120,1121,1122,1123,1124,1125,1126,1127,1128,1129,1130,1131,1132,1133,1134,1135,1136,1137,1138,1139,1140,1141,1142,1143,1144,1145,1146,1147,1148,1149,1150,1151,1152,1153,1154,1155,1156,1157,1158,1159,1160,1161,1162,1163,1164,1165,1166,1167,1168,1169,1170,1171,1172,1173,1174,1175,1176,1177,1178,1179,1180,1181,1182,1183,1184,1185,1186,1187,1188,1189,1190,1191,1192,1193,1194,1195,1196,1197,1198,1199,1200,1201,1202,1209,1210,1231,1232,1269,1303"
H4315_0000_ND3.JP2,"895,896"
H6408_0000_ND3.JP2,932
H4561_0001_ND3.JP2,917
H0165_0000_ND3.JP2,"792,793,794,795,796,797,798,799,800,806,807,808"
H9600_0000_ND3.JP2,"557,558,559,560,561,562,563,564,566,567,568,569,570,571,574,576,577,578,579,580,581,582,583,584,585,586,587"
H4365_0001_ND3.JP2,"750,751,752,755,756"
H8564_0000_ND3.JP2,"733,734"
H8474_0000_ND3.JP2,899
H6437_0000_ND3.JP2,"1072,1074,1081,1082,1083,1084,1085,1086,1087,1088,1089,1090,1091,1092,1093,1094,1095,1096,1097,1292,1293,1295"
HG465_0000_ND3.JP2,"728,729"
H2640_0000_ND3.JP2,"824,825,826,827,828,829,830,831,832,833,834,835,836"
H4201_0000_ND3.JP2,"862,863,865"
HG139_0000_ND3.JP2,"600,601,602,605,606,607,608,609,610,611,612,613,614,615,616,617,618,619,620,621,622,623,624,625,626,627,628,629,630,631,632,633,634,635,636,637,638,641,645,646,647,649,650"
H2595_0001_ND3.JP2,"1218,1219,1220,1221,1222"
H1589_0000_ND3.JP2,"564,565,566,567,568,569,570,571,572,573,574,575,576,577,578,579,580,581,582,583,584,585,586,587,588,589,590,591,592,593,594,595,596,597,598,599,600,601,602,603,604,605,606,607,608,609,610,611,612,613,614,615,618,619,620,634"
HG179_0000_ND3.JP2,79
HC839_0000_ND3.JP2,"767,768,769,770,771,772,773"
H5155_0001_ND3.JP2,1126
HD940_0000_ND3.JP2,"828,829,830,831,832,833,834,835,836,837,838,839,840,841,842,843,844,845,846,847,848,849,850,851,852,853,854,855,856,857,858,859,860,861,862,863,864,865,866,867,868,869,870,871,872,873,874,875,876,877,878,879,880,1104,1105,1106,1107,1108,1109,1110,1111,1112,1113,1114,1115,1116,1117,1118,1119,1120,1121,1122,1123,1124,1125,1126,1127,1128,1129,1130,1131,1132,1133,1134,1135,1136,1137,1138,1139,1140,1141,1142,1143,1144,1145,1146,1147,1148,1149,1150,1151,1152,1153,1154,1155,1156,1157,1158,1159,1160,1161,1162,1163,1164,1165,1166,1167,1168,1169,1170,1171,1191,1192,1193,1194,1195,1268,1269,1298,1299,1300,1301,1302,1303"
H2996_0000_ND3.JP2,"519,520"
H3283_0000_ND3.JP2,"21,23"
H8658_0000_ND3.JP2,1121
H9254_0000_ND3.JP2,"911,912"
H2613_0000_ND3.JP2,"1129,1130"
H0466_0000_ND3.JP2,1125
H2386_0000_ND3.JP2,1171
HC937_0000_ND3.JP2,"1227,1228,1229,1230,1233,1234,1235,1308"
HF869_0000_ND3.JP2,7
H2486_0001_ND3.JP2,"813,814"
HA620_0000_ND3.JP2,"817,818,819,820"
HF929_0001_ND3.JP2,"53,59,60,61,62,63,64,65,68,69"
H8602_0000_ND3.JP2,1145
HC612_0000_ND3.JP2,"990,1004,1005"
H2181_0001_ND3.JP2,"1227,1228,1229,1230"
H5328_0000_ND3.JP2,"573,575,589,590,591,592,593,594,595,596,597,598,599"
H1289_0000_ND3.JP2,"715,716,721"
H1571_0000_ND3.JP2,"721,722,723,724,725,726,727"
HA574_0000_ND3.JP2,"765,766"
HC848_0000_ND3.JP2,997
HF924_0000_ND3.JP2,"284,285,286,287,288,289,290,291,292,293"
HH610_0000_ND3.JP2,"81,82"
H4681_0001_ND3.JP2,881
H1213_0000_ND3.JP2,13
H7267_0000_ND3.JP2,193
H2841_0000_ND3.JP2,"166,167,172,173,176,177,178,179,180,181,182,183,184,185,188,191"
H1600_0001_ND3.JP2,"523,524,525,526,527,528,529,530,531,532,533,534,535,536,537,538,539,540,541,542,543,544,545,546,547,548,549,550,551,552,553,554,555,556"
HD969_0000_ND3.JP2,"728,729,730,732,733,734,735,736,737,738,739,740,741,742,743,744,745,746,747,748,749,750,751,752,753,754,755,756,757,758,759,760,761,762,763,764,767,768,769,770,773,897,898,899,900,901,902,903,904,905,906,907,908,909,910,911,912,913,914,915,916,1231,1232,1236,1237,1243,1244,1245,1246,1247,1248,1249,1250,1251,1252,1253,1254,1255,1256,1257,1258,1259,1260,1261,1270,1309"
H3322_0000_ND3.JP2,"467,472,473,474,475,476,477,478,479,480,481,482,483,484,485,486,487,495"
H4304_0000_ND3.JP2,896
H9465_0000_ND3.JP2,"161,162,163,170,171,172,173,176,177,178,179,180,181,182,183,184,185,188"
H2639_0000_ND3.JP2,"1222,1223,1224,1225"
HG778_0000_ND3.JP2,"1243,1244,1245,1246"
HE789_0000_ND3.JP2,1131
H4308_0000_ND3.JP2,905
H1942_0000_ND3.JP2,"1027,1028,1029,1030"
HA626_0000_ND3.JP2,"1184,1185,1186,1187,1188,1189,1190"
H2607_0000_ND3.JP2,"824,825,826"
HE330_0000_ND3.JP2,"790,791,792,793,794,795,796,797,798,799,801,802,803,804,805,806,807,808,809,815,816,829,830,831,832,833,834,835,836,1121,1122,1123,1124,1125,1126,1127,1128,1129,1130,1131,1132,1133,1134,1135,1136,1137,1138,1139,1140,1141,1142,1143,1144,1145,1146,1147,1148,1149,1150,1151,1152,1153,1154,1155,1156,1157,1158,1159,1160,1161,1162,1163,1164,1165,1166,1167,1168,1169,1170,1171,1172,1173,1174,1175,1176,1177,1178,1179,1180,1181,1182,1183,1184,1185,1186,1187,1188,1189,1190,1191,1192,1193,1194,1195,1196,1197,1198,1199,1200,1201,1202,1209,1210,1231,1232,1236,1237,1264,1265,1266,1267,1303"
H7464_0000_ND3.JP2,"247,248,249,250,251,252,253,254,255,256,257,258,259,260,261,262"
HE680_0000_ND3.JP2,"1172,1173,1174,1175,1176,1177,1178,1179,1180,1181,1182,1183,1184,1185,1186,1187,1188,1189,1190"
H2723_0000_ND3.JP2,"1145,1148,1149,1150,1151,1152,1154,1155,1156,1161,1162,1166"
H7488_0009_ND3.JP2,123
HG936_0000_ND3.JP2,"1148,1149,1150,1151,1152,1153,1159,1160,1161,1162"
HD263_0000_ND3.JP2,"124,125,126,127,128,129,130,131,132,133,134,135,136,137,138,139,140,141,142,143,144,145,146,147,149,150,151,152,153,154,155,156,157,158,159,160,161,162,163,164,165,166,167,168,169,170,171,172,173,174,175,176,177,178,179,180,181,182,183,184,185,186,187,188,189,190,191,192,193,194,195,196,197,198,199,200,288,289,297,298,299,305,306,307,308,313,318,319,323,899,900,901,902,903,1270"
HF655_0000_ND3.JP2,"94,95,96,97"
HG477_0000_ND3.JP2,"1122,1123,1302"
H6465_0000_ND3.JP2,900
H2183_0001_ND3.JP2,"897,898"
H5335_0000_ND3.JP2,"379,380,382,385,386,387,388,389,390,391,392,393,394,395,396,397,400,401,402,403,404,405,406,407,410,411,412,413,414,415"
H1578_0000_ND3.JP2,"498,499,500,501,502,503,505,506,507,509,510,511,512,513,514,515,516,517,518,519,520,521,522,523,524,525"
H9458_0000_ND3.JP2,190
H9253_0009_ND3.JP2,"858,859,860"
H1495_0000_ND3.JP2,"15,16,17"
H2321_0001_ND3.JP2,"1264,1265"
H0365_0000_ND3.JP2,"1111,1112,1113"
H1446_0000_ND3.JP2,"300,301,302,303,304,305,306,307,308,309,310,311,312,313,314,315,316,317,318,319,320"
H8580_0000_ND3.JP2,916
H1523_0000_ND3.JP2,"398,399,400,407,408,409,413,414,415,416,417,418,419,420,421,422,423,424,425,426,427,428,429,430,431,432,433,434,435,436,437,438,439,440,441,442,443,444,445,446,447,448,449,450,451,452,453,454,455,456,457,458,459,460,461,462,463,468,469,470,471"
HD276_0000_ND3.JP2,"1,2,3,4,5,6,19,20"
H0572_0000_ND3.JP2,"1106,1107,1108,1109,1110,1298,1299"
HC726_0000_ND3.JP2,732
HG566_0000_ND3.JP2,"1100,1101,1102,1296"
H5364_0000_ND3.JP2,"606,607,609,610,611,612,613,614,615,618,619,620"
H5380_0000_ND3.JP2,90
HG188_0000_ND3.JP2,"324,325,326,334,337,338,339,340,341,342,343,344,345,346,347,348,349,350,351,352,353,354,355,356,357,358,359,360,361,362,363,364,365,366,367,368,369,370,371,372,373,374,375,377,378,379,380,381,382,383,385,386,387,388,389,390,391,395,396,397,401,402,403,404,405,406,411,412"
HB708_0000_ND3.JP2,192
HA319_0000_ND3.JP2,"198,199,200"
H8256_0000_ND3.JP2,191
HD701_0009_ND3.JP2,"84,85,86,87,88,91,92"
H0442_0000_ND3.JP2,"837,838,839,840,841,842,843"
H4286_0000_ND3.JP2,904
H2454_0001_ND3.JP2,894
HF632_0000_ND3.JP2,"323,326,327"
H8611_0000_ND3.JP2,892
H8771_0000_ND3.JP2,1171
HD776_0000_ND3.JP2,197
HE709_0000_ND3.JP2,"762,763,764"
HD475_0000_ND3.JP2,"125,126,127,128,129,130,131,132,133,134,142,143,144,145,146,147,150,151,152,153,154,155,156,157,158,159,160,161,162,163,164,165,170,171,172,173,174,175,176,177,178,179,180,181,182,183,184,185,186,187,188,189,190,191,192,193,194,195,196,197,198,199,200,899,900,901,902,903,904,1270"
HE828_0000_ND3.JP2,"1219,1220,1221,1222"
H5346_0000_ND3.JP2,"591,600,601,602,603,604,605,606,608,609"
H2510_0001_ND3.JP2,"1071,1072,1073,1074,1081,1082,1083,1084,1085,1086,1087,1088,1089,1090,1091,1092,1093,1094,1095,1096,1097,1098,1099,1292,1293,1294,1295,1296,1297"
HD789_0000_ND3.JP2,84
HG969_0000_ND3.JP2,"19,20,22,24,25,26,27,28,29,30,31,32,33,34,38,39,40,41,42,43,44,45,46,47,48,50,51,52,53,54,55,56,57,58,59,60,61,62,63,64,65,66,67,68,69,70,71,72,73,74,75,76,77,78,79,80,81,82,83,201,202,203,204,205,206,207,208,209,210,211,212,213,214,215,216,217,218,219,220,221,222,223,224,225,226,227,228,229,230,231,232,233,234,235,236,237,238,239,240,241,242,243,244,245,246,247,248,249,250,251,252,253,254,255,256,257,258,259,260,261,262,263,264,265,266,267,268,269,270,271,272,273,274,275,276,277,278,279,280,281,282,283,284,285,286,287,288,289,290,291,292,293,294,295,296,297,298,299,300,301,302,303,304,305,306,307,308,309,310,311,312,313,314,315,316,317,318,319,320,321,322,323,324,325,326,327,328,329,330,331,332,333,334,335,336,337,338,339,340,341,342,343,344,345,346,347,348,349,350,351,352,353,354,355,356,357,358,359,360,361,362,363,364,365,366,367,368,369,370,371,372,373,374,375,376,377,378,379,380,381,382,383,384,385,386,387,388,389,390,391,392,393,394,395,396,397,398,399,400,401,402,403,404,405,406,407,408,409,410,411,412,413,414,415,416,417,418,419,420,421,422,423,424,425,426,427,428,429,430,431,432,433,434,435,436,437,438,439,440,441,442,443,444,445,446,447,448,449,450,451,452,453,454,455,456,457,458,459,460,461,462,463,464,465,466,467,468,469,470,471,472,473,474,475,476,477,478,479,481,482,483,484,485,486,487,492,493,494,495,496,497"
H1317_0000_ND3.JP2,192
HF120_0000_ND3.JP2,"1144,1146,1147,1148,1149,1150,1151,1153,1154,1155,1156,1157,1158,1159,1160,1161,1162,1163,1164,1165,1167,1168,1169,1170"
H8283_0000_ND3.JP2,"35,36,37,48,49,52"
HG864_0000_ND3.JP2,"888,889,891"
H3293_0000_ND3.JP2,"692,693,694,695,696,697"
H7432_0000_ND3.JP2,"324,325,326,332,333,334,335,336,337,338,339,340,341,344,345,346,347"
H1450_0000_ND3.JP2,"613,616,617,618,619,620,621,622,623,624,625,626,627,628,629,630,631,632,633,634,635,636,639,640"
H7127_0000_ND3.JP2,885
H9263_0000_ND3.JP2,"783,784,785,786"
HC781_0000_ND3.JP2,"934,935"
H0988_0000_ND3.JP2,"201,203"
H9618_0000_ND3.JP2,"1,2"
H8515_0000_ND3.JP2,"783,784,785,786"
H1616_0000_ND3.JP2,74
H4234_0000_ND3.JP2,866
HC774_0000_ND3.JP2,"942,943,944,945,946,947,948,949,950,951,952,953,954,955,956,957,1271,1272"
H1461_0000_ND3.JP2,"635,636,637,638,639,640,641,642,643,644,645,646,647,648,649,650,651,652"
H9472_0000_ND3.JP2,"125,126,127,128,129,130,131,132,133,134"
HG865_0000_ND3.JP2,"1009,1010,1011,1012,1013,1014,1015,1016,1017,1018,1019,1289"
HE884_0000_ND3.JP2,1130
HD694_0000_ND3.JP2,"94,95,96,97,98,100"
H9635_0000_ND3.JP2,"354,355,356,357,358,359,360,361,362,363,364,365,366,367,368,369,372,373,374,375,376,383,384"
HG803_0000_ND3.JP2,740
HG574_0000_ND3.JP2,"35,36,37,48,49,52,53,56,57,59,60,61,63,64,65,66,67,68,69,70,71,72,73,74,75,76,77,78,79,80,81,82,83,879,880,881,882,883,884,885,886,887,888,889,890,891,899,900,901,902,903,904,905,906,907,908,909,910,911,912,913,914,915,1270"
H9531_0000_ND3.JP2,80
HD884_0000_ND3.JP2,83
H2728_0000_ND3.JP2,"837,838,839,840,841,842,843,844,1268"
H1498_0000_ND3.JP2,"3,5,6"
H1258_0001_ND3.JP2,"119,120,121,122"
HA694_0000_ND3.JP2,823
H2913_0000_ND3.JP2,18
HA742_0000_ND3.JP2,"1127,1128,1129,1130"
H4258_0000_ND3.JP2,"1172,1173,1174,1184,1185,1186,1187,1188,1189,1190"
H2225_0000_ND3.JP2,"1236,1237"
H1887_0000_ND3.JP2,"976,977,978,979,980,981,982,984,985,986,992,993,994,995,996,997,998,999,1000,1001,1002,1003,1006,1007,1008,1010,1013,1015,1274,1275,1276,1277,1278,1279,1280,1281,1282,1283,1284,1287,1288,1289"
H1210_0000_ND3.JP2,"101,102,103,104"
H2279_0001_ND3.JP2,"986,999,1000,1001,1002,1003,1007,1008,1277,1278,1279,1280,1281,1282,1287,1288"
H4981_0000_ND3.JP2,"1106,1107,1108,1109,1298,1299"
HC923_0000_ND3.JP2,"1243,1244,1245,1246,1247,1248,1249,1250,1251,1252,1253,1254,1255,1256,1257,1258,1259,1260,1261,1309"
HF760_0000_ND3.JP2,18
H1902_0000_ND3.JP2,"1122,1123,1124"
H6460_0000_ND3.JP2,"762,763,764"
H1351_0001_ND3.JP2,"522,523,524,525"
H8486_0000_ND3.JP2,"1203,1204"
HG814_0000_ND3.JP2,823
H8687_0000_ND3.JP2,"728,729"
HD920_0000_ND3.JP2,191
HE964_0000_ND3.JP2,"908,909"
H6395_0000_ND3.JP2,731
HD873_0000_ND3.JP2,18
HG848_0000_ND3.JP2,1144
H5371_0000_ND3.JP2,"416,417,418,440,441,442,443,444,445,446,469,470"
H2460_0001_ND3.JP2,"738,739,740,741,742"
H7178_0000_ND3.JP2,"958,959,960,961,962,963,964,965,966,967,968,969,970,976,977,978,983,1274"
H2515_0000_ND3.JP2,744
H2527_0000_ND3.JP2,"877,878"
H2538_0000_ND3.JP2,"879,880"
H0469_0000_ND3.JP2,917
HG830_0000_ND3.JP2,"1114,1115,1116"
HE655_0001_ND3.JP2,1124
H8562_0000_ND3.JP2,899
H2242_0000_ND3.JP2,914
H2539_0000_ND3.JP2,"922,923"
HG679_0000_ND3.JP2,1130
HB453_0000_ND3.JP2,"821,822,823"
H8734_0000_ND3.JP2,"877,878,880,881"
H1937_0000_ND3.JP2,"867,868"
H6502_0000_ND3.JP2,"1148,1149,1150,1151,1152,1153,1160,1161,1162"
H2210_0000_ND3.JP2,1140
H1347_0000_ND3.JP2,"204,205"
H2526_0001_ND3.JP2,743
H3305_0000_ND3.JP2,"26,27,28,29,30,33,34"
H4180_0000_ND3.JP2,915
H1518_0001_ND3.JP2,"120,121,122"
H8234_0000_ND3.JP2,81
H2430_0001_ND3.JP2,"1191,1192,1193"
HB628_0000_ND3.JP2,535
HD852_0000_ND3.JP2,"60,61,69"
H5340_0000_ND3.JP2,"60,61,62,69"
H4108_0000_ND3.JP2,"1224,1225"
H2689_0001_ND3.JP2,"911,912,913,914"
H2727_0000_ND3.JP2,"1236,1237"
H2197_0001_ND3.JP2,"860,861"
H8990_0000_ND3.JP2,"897,898,900"
HC792_0000_ND3.JP2,1124
H4293_0000_ND3.JP2,"893,894"
H8744_0000_ND3.JP2,"824,825,826,828,829,830,831,832,833,834,835,836"
H5339_0000_ND3.JP2,"723,724,725,726,727"
H2874_0000_ND3.JP2,191
H1241_0000_ND3.JP2,"358,360,361,362,363,364,365,366,367,368,369,370,371,372,373,374,375,376,383,384"
HD081_0000_ND3.JP2,"1126,1129,1130"
H8828_0000_ND3.JP2,"905,906,907"
HD520_0000_ND3.JP2,"83,84,85,86,87,88,89,90,91,92,93,94,95,96,97,98,99,100,101,102,103,104,105,106,107,108,109,110,111,112,113,148,149,166,167,168,169,827,837,838,839,840,841,842,843,844,845,846,847,848,849,850,851,852,853,854,855,856,857,858,859,860,861,1268,1269"
H2846_0000_ND3.JP2,"607,608,609,610,611,612,613,614,615,617,618,619,620,621,622,623,624,625,631,632,633,634,637,638,648,649,650,652,653,654,655,656,657,658,659,660,661,666,667,668,669,670,671,672"
H1316_0000_ND3.JP2,83
HF741_0000_ND3.JP2,272
H5299_0000_ND3.JP2,"346,348,349,350,351,352,353,354,355,356,357,358,359,360,361,362,364"
H6424_0000_ND3.JP2,"757,758,759"
H0526_0000_ND3.JP2,"810,811,812,817,818,819,820"
H2257_0001_ND3.JP2,"976,977,978,1274"
H2220_0000_ND3.JP2,"913,914"
HH690_0000_ND3.JP2,193
HB445_0000_ND3.JP2,"1218,1219,1220,1221,1222"
H9582_0000_ND3.JP2,"202,203"
HD083_0000_ND3.JP2,"882,885"
H1932_0000_ND3.JP2,"1243,1244,1245,1246,1247,1248,1249,1250,1251,1252,1253,1254,1255,1256,1257,1258,1259,1260,1261,1309"
H1526_0000_ND3.JP2,"198,199,200"
HH388_0000_ND3.JP2,"84,85,86,87,88,89,90,91,92,93,94,95,96,97,98,99,100,101,102,103,104,105,106,107,108,109,110,111,112,113,148,149,166,167,168,169,191,862,863,864,865,866,867,868,869,870,871,872,873,874,875"
H4104_0000_ND3.JP2,"1132,1133,1134,1303"
HA776_0000_ND3.JP2,898
HE188_0000_ND3.JP2,"728,729,730,731,732,733,734,735,736,737,738,739,740,741,742,743,744,745,746,747,748,749,750,751,752,753,895,896,897,898,899,900,901,902,903,904,905,906,907,908,909,910,913,914,1231,1232,1236,1237,1238,1239,1240,1241,1242,1243,1244,1245,1246,1247,1248,1249,1250,1251,1252,1253,1254,1255,1256,1257,1258,1259,1260,1261,1270,1309"
H3294_0000_ND3.JP2,"21,22,23,24,25"
H1238_0000_ND3.JP2,5
H2159_0001_ND3.JP2,1226
H8298_0000_ND3.JP2,"116,117,118,119,120,121,122"
H2625_0000_ND3.JP2,"757,758,759,760,761"
H5304_0000_ND3.JP2,"44,47,50,51,54,55,56,57,58,64,65,66"
H9262_0000_ND3.JP2,"1135,1136,1137,1138,1139,1140,1141,1142,1143,1144,1145"
H2853_0000_ND3.JP2,"297,298,299,305,306,307,308,313,314,315,316,317,318,319,320,324,325,326,327,333,334,335,336,337,338,339,340,341,342,343,344,345,346,347,348,349,350,351,352,353,354,355,356,357,358,359,361,362"
HC737_0000_ND3.JP2,"813,814"
HB609_0000_ND3.JP2,119
H4367_0000_ND3.JP2,929
HG186_0000_ND3.JP2,79
H0248_0000_ND3.JP2,"1038,1039,1047,1048,1049,1050,1051,1052,1053"
H1216_0000_ND3.JP2,"3,4"
H5231_0000_ND3.JP2,"683,684,685,686,687,688,689,690,691,692,693,696,697"
H4456_0001_ND3.JP2,"1231,1232"
H1437_0001_ND3.JP2,"94,95,96,97,98,99,100"
HC770_0000_ND3.JP2,"906,907"
H8534_0000_ND3.JP2,905
HD323_0000_ND3.JP2,"83,84,85,86,87,88,89,90,91,92,93,94,95,96,97,98,99,100,101,102,103,104,105,106,107,108,109,110,111,112,113,114,148,166,167,168,169"
HC932_0000_ND3.JP2,901
HA669_0000_ND3.JP2,754
H6409_0000_ND3.JP2,"1224,1225"
H2671_0000_ND3.JP2,"940,975,979,980"
HG563_0000_ND3.JP2,"1146,1147,1148,1149,1150,1151,1153,1154,1155,1156,1157,1158,1159,1160,1161,1162,1163,1164,1165"
H7489_0000_ND3.JP2,"264,265,266,267,268,269,270,271,272,273,274,275,276,277,282"
HD780_0000_ND3.JP2,"206,207,208,209,210,211,212,213,214,215,216,217,218,219,220,221,222,223,224,225,226,227,228,229,230,231,232,233,234,235,236,237"
H1412_0001_ND3.JP2,"135,136,137,138,139,140,141,142,143,144,145,146,147,148,149,150,159"
HF780_0009_ND3.JP2,"549,550,554,555"
H1910_0000_ND3.JP2,"1243,1244,1245,1246"
H4612_0000_ND3.JP2,904
H1301_0000_ND3.JP2,"35,36,37,48,49"
HG458_0000_ND3.JP2,932
H2543_0000_ND3.JP2,"1100,1101,1102,1103,1104,1105,1106"
H6486_0000_ND3.JP2,882
HA743_0000_ND3.JP2,761
H1607_0009_ND3.JP2,"204,212,213,214,215,216,217,218,219,220,221,222,223,224,225,226,227,228,229,230,231,232,233,234,235,236,237,238,239,240,241,242,243,244,246,247,248,249,250,251,252,253,254,255,256,257,258,259,260,261,262,263,264,265,266,267,268,269,270,271,272"
H2475_0000_ND3.JP2,"1266,1267"
H2880_0000_ND3.JP2,"8,9,10,11,12,14,15,16,17,18,21,23"
HG795_0000_ND3.JP2,1125
H5310_0000_ND3.JP2,"559,560,561,562,563,564,565,566,567,568,569,570,571,576,577,578,579,580,581"
H3249_0000_ND3.JP2,"673,674,675,681,682"
H2345_0000_ND3.JP2,"1014,1015,1289"
H8676_0000_ND3.JP2,"1171,1172,1173,1174,1175,1176,1177,1178,1179,1180,1181,1182,1183,1184,1185,1186,1187,1188,1189,1190"
H5306_0000_ND3.JP2,"204,205"
HG760_0000_ND3.JP2,"1132,1133,1134,1135,1136,1137,1138,1139,1303"
H5288_0000_ND3.JP2,201
H1572_0000_ND3.JP2,"53,54,56,59,60,61,62,63,64,65,66,67,68,69"
H5527_0000_ND3.JP2,"19,20"
H0394_0000_ND3.JP2,"771,772,774,775,776,777,778"
HF759_0000_ND3.JP2,"635,636,637,638,641,642,643,644,645,646,647,648,649,650"
H1622_0000_ND3.JP2,"526,527,528,529,530,531,532,533,534,536,537,538,539,540,541,542,543,544,545,546,547,548,549,550,551,552,553,554,555,557,558"
H2494_0000_ND3.JP2,876
HD380_0000_ND3.JP2,"123,124,125,126,127,128,129,130,131,132,133,134,135,136,137,138,139,140,141,142,143,144,145,146,147,148,149,150,151,152,153,154,155,156,157,158,159,160,161,162,163,164,165,166,167,168,169,170,171,172,173,174,175,176,177,178,179,180,181,182,183,184,185,186,187,188,189,190,191,192,193,194,195,196,197,198,199,200,899,900"
HF671_0000_ND3.JP2,"613,617,618,619,621,622,623,624,625,626,627,628,629,631,632,633,634"
H8531_0000_ND3.JP2,"983,984,985,986,987,988,989,990,991,992,993,994,995,996,997,998,999,1000,1004,1005,1275,1276,1277,1278,1281"
H3344_0000_ND3.JP2,"498,499,500,501,502,503,504,505,506,507,508,509,510,511,512,513,514,515,518"
H1528_0000_ND3.JP2,"21,22,23,24,25,26,27,28,29,30,31,32,33,34"
H0280_0001_ND3.JP2,910
H0558_0000_ND3.JP2,"1214,1215,1216,1217,1218"
H1909_0000_ND3.JP2,"983,987,988,989,990,991,1004,1005,1285,1286"
HE425_0000_ND3.JP2,"201,202,203,204,205,206,207,208,209,210,211,212,213,214,215,216,217,218,219,220,221,222,223,224,225,226,227,228,229,230,231,232,233,234,235,236,237,238,239,240,241,242,243,244,245,246,247,248,249,250,251,252,253,254,255,256,257,258,259,260,261,262,263,264,265,266,267,268,269,270,271,272,273,274,275,276,277,281,282,283,736,737,744,1122,1123,1124,1125,1126,1127,1128,1129,1130,1131,1132,1133,1134,1135,1136,1137,1138,1139,1140,1141,1142,1143,1144,1145,1146,1147,1148,1149,1150,1151,1152,1153,1154,1155,1156,1157,1158,1159,1160,1161,1162,1163,1164,1165,1166,1167,1168,1169,1170,1171,1172,1173,1174,1175,1176,1177,1178,1179,1180,1181,1182,1183,1184,1185,1186,1187,1188,1189,1190,1191,1192,1193,1194,1195,1196,1197,1198,1199,1200,1201,1202,1209,1210,1211,1226,1227,1228,1229,1230,1231,1232,1236,1237,1303"
H2732_0000_ND3.JP2,864
H2334_0000_ND3.JP2,1013
H2228_0001_ND3.JP2,1121
H5173_0000_ND3.JP2,"292,293,294,295,296"
H8289_0000_ND3.JP2,"642,643,644,651,652,653,654,655,656,657,658,659,660,661,662,663,664,665,666,667,668,669,670,671,672,673,674,675,676,677,681,682"
HC775_0000_ND3.JP2,"1239,1240,1241,1242"
H2411_0000_ND3.JP2,"1056,1059,1060,1061,1062,1065"
H2686_0000_ND3.JP2,"1121,1122,1123"
HF673_0000_ND3.JP2,"116,117,118"
H2908_0000_ND3.JP2,"342,343,346,348,349,350,351,352,353,354,355,356,357,358,359,360,361,362,363,364,365,366,367,368,369,370,371,372,373,374,375,376,377,378,379,380,381,382,383,384,385,386,387,388,389,390,391,392,393,394,395,396,397,398,399,400,401,402,403,404,405,406,407,408,409,410,411,412,413,414,415,416,417,418,419,420,421,422,423,424,425,426,427,428,429,430,431,432,433,444,446"
H5383_0000_ND3.JP2,"8,9,10"
H8273_0000_ND3.JP2,"103,105"
H2662_0001_ND3.JP2,"827,828,829,830,831,832,833,834,835,836"
H2866_0000_ND3.JP2,"98,99,101,102,103,104,105,106,107,108"
H2247_0000_ND3.JP2,"1236,1237"
H6419_0000_ND3.JP2,"1059,1061,1062,1065,1066,1067,1068,1069,1070,1076,1077,1078,1079,1080"
H0456_0000_ND3.JP2,"733,734"
H3333_0000_ND3.JP2,"480,488,489,490,491,492,493,494,495,496,497,504,506,508"
H0451_0000_ND3.JP2,"1020,1021,1022,1023,1031,1032,1033,1034,1035,1036,1037,1038,1039,1040,1041,1042,1043,1044,1045,1046,1047,1048,1049,1050,1051,1052,1053,1054,1055,1290,1291"
H2540_0000_ND3.JP2,"1211,1212,1213,1214,1215,1216,1217"
H5342_0000_ND3.JP2,"206,214,215,216,217,218,219,220,221,222,223,224,225,226,227,228,229,230,231,232,233,234,235,236,237"
HC727_0000_ND3.JP2,"866,867,868"
H1587_0009_ND3.JP2,83
HD816_0000_ND3.JP2,"1,2"
H5473_0000_ND3.JP2,15
H7507_0000_ND3.JP2,"377,378,379,380,385,386,387,388,389,390,395,400,401,402,403,404,405,406,407,408,409,410,411,412,413,414"
HD863_0000_ND3.JP2,"94,95,96,97"
H8296_0000_ND3.JP2,"630,635,636,641,642,643,644"
HG867_0000_ND3.JP2,"849,850,851,852,853"
H2596_0001_ND3.JP2,"821,822,823"
HG151_0000_ND3.JP2,83
H1545_0000_ND3.JP2,"451,452,454,455,457,458,463,464,465,466,467,468,472,473,474,475,476,477,478,479,480,481,482,483,484,485,486,487,488,489,490,491,492,493,494,495,496,497,503,504,505,506,507,508,509,510,511,512,514"
H2587_0001_ND3.JP2,"1111,1112,1113"
H4360_0000_ND3.JP2,"1104,1105,1106"
HC855_0000_ND3.JP2,"7,8,9,10,11,12,14,15,16,17,18,19,20,21,22,23,24,25,26,27,28,29,30,31,32,33,34,35,36,37,38,39,40,41,42,43,44,45,46,47,48,50,51,52,53,54,55,56,57,58,60,61,62,63,64,65,66,67,68,70,72,73,74,75,76,77,78,79,80,81,82,194,195,196,197,198,199,200"
H2701_0000_ND3.JP2,"1132,1133,1134,1135,1136,1137,1138,1139,1140,1141,1142,1143,1144,1146,1147,1148,1149,1150,1151,1152,1153,1154,1155,1156,1157,1158,1159,1160,1161,1162,1163,1164,1165,1166,1303"
H2493_0000_ND3.JP2,"742,743,744"
H0497_0000_ND3.JP2,"849,850,851,852,853,854"
H7382_0000_ND3.JP2,"309,310,321"
H5405_0000_ND3.JP2,81
HA714_0000_ND3.JP2,"1179,1180,1181,1182"
H2574_0000_ND3.JP2,822
H9269_0000_ND3.JP2,1131
HG491_0000_ND3.JP2,"728,729,1104,1105,1106,1107,1108,1109,1110,1111,1112,1113,1114,1115,1116,1117,1118,1119,1120,1121,1122,1123,1124,1125,1126,1127,1128,1129,1130,1131,1132,1133,1134,1135,1136,1137,1138,1139,1140,1141,1142,1143,1144,1145,1146,1147,1148,1149,1150,1151,1152,1153,1154,1155,1156,1157,1158,1159,1160,1161,1162,1163,1164,1165,1166,1167,1168,1169,1170,1171,1172,1173,1174,1175,1176,1177,1178,1179,1180,1181,1182,1183,1184,1185,1186,1187,1188,1189,1190,1191,1192,1193,1194,1195,1196,1197,1198,1199,1200,1201,1202,1209,1210,1211,1219,1220,1221,1222,1223,1226,1227,1228,1229,1230,1231,1232,1233,1234,1235,1236,1237,1238,1239,1240,1241,1242,1257,1298,1299,1300,1301,1302,1303,1308"
H3316_0001_ND3.JP2,"31,32,38,39,40,41,42"
H0022_0000_ND3.JP2,"1056,1057,1058,1059,1060,1061,1062,1063,1064,1065,1069,1070"
H8573_0000_ND3.JP2,"918,919,920,921"
H4330_0000_ND3.JP2,906
HG961_0000_ND3.JP2,"1,2,3,4,5,6,114,115,116,117,118,119,120,121,122,123,135,136,137,138,139,140,141,142,143,144,145,146,147,148,149,150,151,152,153,154,155,156,157,158,159,160,161,162,163,164,165,166,167,168,169,170,171,172,173,176,177,178,179,180,181,182,183,184,185,186,187,188,189,190,191,715,716,721,722,723,724,725,726,727"
H8542_0000_ND3.JP2,1126
HE270_0000_ND3.JP2,"767,771,773,782,787,788,789,790,791,792,793,794,795,796,797,798,799,800,801,802,803,804,805,806,807,808,809,815,816,828,829,830,831,832,833,834,835,836,1089,1091,1092,1093,1094,1095,1096,1097,1098,1099,1100,1101,1102,1103,1104,1105,1106,1107,1108,1109,1110,1111,1112,1113,1114,1115,1116,1117,1118,1119,1120,1121,1122,1123,1124,1125,1126,1127,1128,1129,1130,1131,1137,1138,1139,1140,1145,1148,1149,1150,1151,1152,1154,1155,1156,1161,1162,1166,1231,1232,1262,1264,1265,1266,1267,1295,1296,1297,1298,1299,1300,1301,1302"
H1428_0000_ND3.JP2,"601,602,605,606,607,608,609,610,611,612,613,614,615,617,618,619,620"
HG792_0000_ND3.JP2,"1227,1233,1234,1235,1308"
H4087_0000_ND3.JP2,827
HE797_0000_ND3.JP2,"762,765,766"
HE877_0000_ND3.JP2,1131
HC823_0000_ND3.JP2,"912,913,914"
HG559_0000_ND3.JP2,"1100,1101,1104,1105,1106"
H7482_0000_ND3.JP2,"364,365,366,370,371,372,373,374,375,377,378"
HG892_0000_ND3.JP2,"877,878"
H0449_0000_ND3.JP2,"801,802,803,804,805,806,807,808"
HG591_0000_ND3.JP2,"837,838,839,840,841,842,843,844,845,846,847,848,849,850,851,852,853,854,855,856,857,858,859,860,861,1268,1269"
HA657_0000_ND3.JP2,"1006,1007,1008,1283,1284,1285,1286"
H1440_0000_ND3.JP2,"7,10"
HG871_0000_ND3.JP2,"883,884"
HE241_0000_ND3.JP2,"730,732,733,734,735,736,737,738,739,740,741,742,743,744,745,746,747,748,749,750,751,752,753,754,755,756,757,758,759,760,761,762,763,764,765,766,767,768,769,770,771,772,773,774,775,776,777,778,779,780,781,782,783,784,785,786,787,788,789,790,791,792,793,794,795,796,797,798,799,800,801,802,803,804,805,806,807,808,904,905,906,907,908,909,910,911,912,913,914,915,916,917,918,919,920,921,922,923,924,925,926,927,928,929,930,931,1262,1263,1264,1265,1267"
H7128_0000_ND3.JP2,"942,943,944,945,946,947,948,949,950,951,952,953,954,956,957,958,959,960,961,962,963,964,965,966,967,968,971,972,973,974,1271,1272,1273"
HE825_0000_ND3.JP2,736
H0430_0000_ND3.JP2,1246
HG960_0000_ND3.JP2,"7,8,9,10,11,12,14,15,16,17,18,19,20,21,22,23,24,25,26,27,28,29,30,31,32,33,34,35,36,37,38,39,40,41,42,43,44,45,46,47,48,49,50,51,52,53,54,55,56,57,58,59,60,61,62,63,64,65,66,67,68,69,70,71,72,73,74,75,76,77,78,79,198,199,200"
HG486_0000_ND3.JP2,"80,81,82,83,862,863,864,865,866,867,868,869,870,871,872,873,874,875,876,877,878,879,880,881,882,883,884,885,886,887,888,889,890,891,892,900,901,902,903,904,905,906,907,908,909,910,911,912,913,914,915,1270"
H6510_0000_ND3.JP2,"757,758,759"
H2677_0000_ND3.JP2,"858,859,860,861"
HG820_0000_ND3.JP2,1210
HC853_0000_ND3.JP2,"750,751,752,753"
H0479_0000_ND3.JP2,"869,870,871,872,873,874,875"
H4223_0000_ND3.JP2,866
H3311_0000_ND3.JP2,"441,448,449,450,451,452,453,454,455,456,457,458,459,460,461,463,464,465,466,467,468,469,470,471,473,474,475,476,477,478,479"
H4667_0000_ND3.JP2,"905,906,907"
H8714_0000_ND3.JP2,"971,972,973,974,975,976,977,978,979,980,981,982,984,985,986,992,993,994,995,996,997,998,1274,1275,1276"
H5400_0000_ND3.JP2,"616,626,630,636"
H0416_0000_ND3.JP2,"780,781,782"
HE715_0000_ND3.JP2,"1127,1128"
H0506_0000_ND3.JP2,"1061,1062,1065,1066,1067,1068,1069,1070,1071,1072,1073,1074,1075,1076,1077,1078,1079,1080,1081,1082,1083,1084,1085,1086,1087,1088,1089,1090,1091,1092,1093,1292,1293,1294"
H6700_0000_ND3.JP2,864
H5265_0000_ND3.JP2,"108,109,110,111,112,113"
H1180_0000_ND3.JP2,"8,9,10,11,12,14"
HA629_0000_ND3.JP2,"1110,1111,1112,1113"
H1429_0000_ND3.JP2,7
H2530_0001_ND3.JP2,"810,811,812,813,814"
H0427_0000_ND3.JP2,"787,788,789,790,791,1264,1265"
H2224_0000_ND3.JP2,"944,945,946,947,948,949,950,951,952,953,954,956,957,971,975,1271,1272,1273"
H2550_0000_ND3.JP2,"922,923,924,925,926,927,928,929,930,931"
H8721_0000_ND3.JP2,"936,937,938,939,940,941,944,945,946,947,948,949,950,951,952,956,957,971,972,973,974,975,1271,1272,1273"
HE782_0000_ND3.JP2,"1141,1142,1143,1144"
H3272_0000_ND3.JP2,"16,17,18"
H6544_0000_ND3.JP2,"922,923"
H2529_0000_ND3.JP2,"1209,1210,1211"
H2356_0002_ND3.JP2,"1021,1022,1023,1026,1031,1033,1034,1035,1036,1037,1038,1039,1044,1045,1046,1047,1048,1049,1050,1051,1052,1053,1290,1291"
H4579_0001_ND3.JP2,"900,901,902,903,1270"
H2609_0000_ND3.JP2,"1108,1109,1110,1111,1112,1113,1114,1115,1116,1117,1118,1300,1301,1302"
HB592_0000_ND3.JP2,"194,195,196,197"
H1483_0000_ND3.JP2,"653,654,655,656,657,658,659,660,661,662,663,664,665,666,667,668,669,670,671,672,677,678,679"
H0010_0000_ND3.JP2,"1107,1108,1109,1110,1111,1112,1113,1298,1299"
HG472_0000_ND3.JP2,"59,69,70,71,72,73,74,75,76,77,78,79,80,81,82,83,866,867,868,869,870,871,872,873,874,875,876,877,878,879,880,881,882,883,884,885,886,887,888,889,890,891,899,900,901,902,903,904,905,906,907,908,909,910,911,912,913,914,915,917,1270"
H7480_0000_ND3.JP2,79
HD185_0000_ND3.JP2,"8,9,10,11,12,13,14,15,16,17,18,19,20,21,22,23,24,25,26,27,28,29,30,31,32,33,34,35,36,37,38,39,40,41,42,43,44,45,46,47,48,49,50,51,52,53,54,55,56,57,58,59,60,61,62,63,64,65,66,67,68,69,70,71,72,73,74,75,76,77,78,79,80,82,201,202,203,204,205,206,207,208,209,210,211,212,213,214,215,216,217,218,219,220,221,222,223,224,225,226,227,228,229,230,231,232,233,234,235,236,237,238,239,240,241,242,243,244,245,246,247,248,249,250,251,252,253,254,255,256,257,258,259,260,261,262,263,264,265,266,267,268,269,270,271,272,273,274,275,276,277,278,279,280,281,282,283,284,285,286,287,288,289,290,291,297,298,299,307"
HC733_0009_ND3.JP2,730
HF806_0000_ND3.JP2,79
H1632_0000_ND3.JP2,193
H2746_0000_ND3.JP2,"780,781,782,787,788,789,790,791,792,793,794,795,796,797,798,799,800,801,802,803,804,805,806,807,808,1263,1264,1265"
H5378_0000_ND3.JP2,"240,241,244,245,246,247,248,249,250,251,252,253,254,255,256,257,258,259,260,261,262"
H4313_0000_ND3.JP2,"1205,1206,1207,1208,1304,1305,1306"
HB702_0000_ND3.JP2,556
H2387_0000_ND3.JP2,"801,802,803,804,805,806,807,808"
H7529_0000_ND3.JP2,"1,2"
H5449_0000_ND3.JP2,"135,136,137,138,139,140,141,145,148,149"
HG772_0000_ND3.JP2,"849,854"
H7519_0000_ND3.JP2,"16,17,19,20"
H0155_0000_ND3.JP2,740
H2192_0009_ND3.JP2,"683,685,686,687,688,689,691,692,693,694,695,696,697,698,699,700,701,702,703,704,705,706,707,708,709,710,711,712,713,714,715,716,717,718,719,720"
HG174_0000_ND3.JP2,"434,435,436,437,438,439,440,441,442,443,444,445,446,447,448,449,450,451,452,453,454,455,456,457,458,459,460,461,462,463,464,465,466,467,468,469,470,471,472,473,474,475,476,477,478,479,480,481,482,483,484,485,486,487,488,489,490,491,492,493,494,495,496,497,498,499,500,501,502,503,504,505,506,507,508,509,510,511,512,513,514,515,516,517,518"
H6675_0000_ND3.JP2,864
H4396_0000_ND3.JP2,"908,909,910"
HC665_0009_ND3.JP2,"1106,1107,1108,1109,1110,1298,1299"
H8653_0000_ND3.JP2,"873,874,875"
HD670_0000_ND3.JP2,"174,175,176,177,178,180,181,184,185,186,187,189,190"
HB709_0000_ND3.JP2,"516,517,519,520,521,522,523"
H6564_0000_ND3.JP2,1268
