H1423_0001_ND3.JP2,"142,143,144,145,146,147,149,150,151,152,153,154,155,156,157,158,159,160,161,162,163,164,165,166,167,168,169,170,172,173"
HC685_0000_ND3.JP2,"888,889,891"
H0368_0000_ND3.JP2,"934,935"
H1628_0000_ND3.JP2,"125,126,127,128,129,130,131,132,133,134,135,136,137,138,139,140,141,142,143,144,145,146,147,148,149,150,151,152,153,154,155,156,157,158,159,160,161,162,163,164,165,166,167,168,169,170,172,173"
H1803_0000_ND3.JP2,"1114,1115,1116,1117,1118,1119,1120,1300,1301,1302"
HF127_0000_ND3.JP2,"1131,1132,1133,1134,1135,1136,1137,1138,1139,1140,1141,1142,1143,1144,1303"
H0533_0000_ND3.JP2,"745,746,747,748,749,750,751,752,753"
HF666_0000_ND3.JP2,122
H0489_0000_ND3.JP2,"738,739,740,742"
HA736_0000_ND3.JP2,"763,764,768,769,770,771"
H0262_0000_ND3.JP2,"1,2,3,4,5"
HC556_0000_ND3.JP2,1124
H8748_0000_ND3.JP2,872
H2405_0009_ND3.JP2,737
H2550_0000_ND3.JP2,"922,923,924,925,926,927,928,929,930,931"
H9526_0000_ND3.JP2,"491,498,499,500,513,514,515,519,520"
H2681_0000_ND3.JP2,"883,884,886,887,888,889,890,891"
HG154_0000_ND3.JP2,7
HD751_0000_ND3.JP2,191
HG918_0000_ND3.JP2,1300
H0544_0000_ND3.JP2,"745,746,749,750,751,752,753,755,756"
H0143_0009_ND3.JP2,"95,96,98,99,100,101,102,103,104"
H1402_0009_ND3.JP2,"274,275,277,278,279,280,281,282,283,284,285,286,287,291"
H1201_0000_ND3.JP2,"651,652,653,654,655,656,657,658,659,660,661,662,663,664,665,666,667,669,670,671"
H3304_0000_ND3.JP2,"694,699,700,701,702,703,704,705,706,712,713,714,718,720"
HC834_0000_ND3.JP2,"1057,1058"
HC888_0000_ND3.JP2,730
H6536_0000_ND3.JP2,"883,884"
H5213_0000_ND3.JP2,"681,682,683,684,685,686,689,690,691"
H9561_0000_ND3.JP2,"286,287,288,289,290,291,292,293,294"
H0037_0000_ND3.JP2,"86,87,88,89,91,92,93,94,96,97"
H0494_0000_ND3.JP2,"893,894"
H5083_0000_ND3.JP2,1125
H2664_0001_ND3.JP2,"1119,1120"
HF646_0000_ND3.JP2,"278,279,280,281,282,283,284,285"
HF706_0000_ND3.JP2,491
H5491_0000_ND3.JP2,"19,20"
HG872_0000_ND3.JP2,982
HG147_0000_ND3.JP2,"7,8,9,10,11,12,14"
H5322_0000_ND3.JP2,"53,54,55,56,57,58,59,60,61,62,63,64,65,66,67,68,69"
H2359_0000_ND3.JP2,"901,902,903,1270"
HD745_0000_ND3.JP2,"400,402,404,408,409,412,413,414,419,420,421,422,423,424,425,426,427,428,429,430,431,432,433,434,435,436,437,438,439"
HD775_0000_ND3.JP2,"98,99,100"
H5285_0000_ND3.JP2,"707,708,712,713,714,715,716,717,718,719,720"
HC692_0000_ND3.JP2,"883,884,886,887"
HD887_0000_ND3.JP2,7
HF982_0000_ND3.JP2,82
H6628_0000_ND3.JP2,"796,801,802,803,804,805,806,807,808"
HG430_0000_ND3.JP2,"938,939,940,941,944,945,946,947,948,949,950,951,952,956,957,971,972,973,974,1004,1005,1020,1027,1028,1029,1030,1040,1041,1043,1057,1058,1063,1064,1271,1272,1273,1283,1284,1285,1286"
H1576_0009_ND3.JP2,83
H1391_0000_ND3.JP2,"260,263,264,265,266,267,268,269,270,271,272,273,274,275,276,277,281,282,283"
H0508_0000_ND3.JP2,"849,850,851,852,853,854,855,856,857,1269"
HA708_0000_ND3.JP2,"809,813,814"
H2688_0000_ND3.JP2,"859,860,861"
HG565_0000_ND3.JP2,893
H4561_0001_ND3.JP2,917
H5195_0000_ND3.JP2,"678,679,680"
H1221_0000_ND3.JP2,"102,103,105"
H2631_0001_ND3.JP2,"1114,1115,1116,1117,1118,1119,1120,1300,1301,1302"
HF964_0000_ND3.JP2,7
H1368_0000_ND3.JP2,"123,124"
HF917_0000_ND3.JP2,"292,293,294,295,296,297,298,299,300,301,302,303,304,305,306,307,308,311,313,314,315,316,317,318,319,320"
HC849_0000_ND3.JP2,"1243,1244,1245,1246,1247,1248,1249,1250,1251,1252,1253,1254,1255,1256,1257,1258,1259,1260,1261,1309"
H8708_0000_ND3.JP2,"1247,1248,1249,1250,1251,1252,1253,1254,1255,1256,1257,1258,1259,1260,1261,1309"
HA743_0000_ND3.JP2,"760,761"
H2496_0000_ND3.JP2,"1197,1198,1199,1200,1201,1202"
HF014_0000_ND3.JP2,"1119,1120"
H0598_0000_ND3.JP2,1131
H4376_0000_ND3.JP2,"754,755,756"
H1395_0000_ND3.JP2,"557,558,559,560,561,562,563,564,565,566,567,568,569,570,571,572,573,574,575,576,577,578,579,580,581,582,583,584,585,586,587,588,589,598"
H2921_0000_ND3.JP2,"106,107,108,109,110,111,112,113"
H0478_0000_ND3.JP2,"735,738,739,740"
HE836_0000_ND3.JP2,823
H1592_0000_ND3.JP2,"979,980,981,982,984,985,986,990,992,993,994,995,996,997,998,999,1000,1001,1002,1003,1004,1005,1006,1007,1008,1009,1010,1011,1012,1013,1014,1015,1016,1017,1018,1019,1020,1021,1022,1023,1024,1025,1026,1027,1028,1029,1030,1031,1032,1033,1034,1035,1036,1037,1038,1039,1040,1041,1042,1043,1044,1045,1046,1047,1048,1049,1050,1051,1052,1053,1054,1055,1056,1057,1058,1059,1060,1061,1062,1063,1064,1065,1066,1067,1068,1069,1070,1071,1072,1073,1074,1075,1076,1077,1078,1079,1080,1081,1082,1083,1084,1085,1086,1087,1088,1089,1090,1091,1092,1093,1094,1095,1096,1097,1098,1099,1100,1101,1102,1103,1104,1105,1106,1107,1108,1109,1110,1111,1112,1113,1114,1115,1116,1117,1118,1119,1120,1275,1276,1277,1278,1279,1280,1281,1282,1283,1284,1285,1286,1287,1288,1289,1290,1291,1292,1293,1294,1295,1296,1297,1298,1299,1300,1301,1302"
HG200_0000_ND3.JP2,"70,71,72,73,74,75,76,77,78"
H1468_0001_ND3.JP2,"309,310,321,322,323,324,325,326,327,328,329,330,331,332,333,334,335,338,340,341,344,346"
H5191_0000_ND3.JP2,"300,301,303"
HD690_0000_ND3.JP2,"48,49,52,53"
H6541_0000_ND3.JP2,1125
HH684_0000_ND3.JP2,593
H5376_0000_ND3.JP2,"70,72,73"
H5436_0000_ND3.JP2,"626,627,628,635,636,641,642,643,644,645,646,647"
HF916_0000_ND3.JP2,"142,143,144,145,146,147,150,151,152,153,154,155,156,157,158,159,160,161,162,163,164,165,170,172,173"
HE946_0000_ND3.JP2,"895,896"
H8610_0000_ND3.JP2,776
HE811_0009_ND3.JP2,749
HA633_0000_ND3.JP2,"1167,1168,1169,1170"
H8728_0000_ND3.JP2,"934,935,936,937,938,939,940"
H4638_0009_ND3.JP2,918
HD125_0000_ND3.JP2,"7,8,9,10,11,12,13,14,15,16,17,18,19,20,21,22,23,24,25,26,27,28,29,30,31,32,33,34,35,36,37,38,39,40,41,42,43,44,45,46,47,48,49,50,51,52,53,54,55,56,57,58,59,60,61,62,63,64,65,66,67,68,69,70,71,72,73,74,75,76,77,78,198,199,200"
H1644_0000_ND3.JP2,"555,556,559,560,561,562,563,564,565,566,567,568,569,570,571,572,573,574,575,576,577,578,579,580,581,584,585,586,587,588,589,590,591,592,593,594,595,596,597,598,599,600,601,602,603,604,605,606,607,608,609,610,614,615,618,620"
HG448_0000_ND3.JP2,"1127,1128,1129"
H2941_0000_ND3.JP2,491
H7439_0000_ND3.JP2,"228,229,230,231,232,233,234,236,237,238,239,241,242,243,244"
HG844_0000_ND3.JP2,"1084,1095,1097,1098,1100,1101,1296,1297"
HD511_0000_ND3.JP2,"201,202,203,204,205,206,207,208,209,210,211,212,213,214,215,216,217,218,219,220,221,222,223,224,225,226,227,228,229,230,231,232,233,234,235,236,237,238,239,240,241,242,243,244,245,246,247,248,249,250,251,252,253,254,255,256,257,258,259,260,261,262,263,264,265,266,267,268,269,270,271,272,273,274,275,276,277,278,279,280,281,282,283,284,285,286,287,288,289,290,291,292,293,294,295,296,297,298,299,300,301,302,303,304,305,306,307,308,309,310,311,312,313,314,315,316,317,318,319,320,321,322,323,324,325,326,327,328,329,330,331,332,333,334,335,336,337,338,339,340,341,342,343,344,345,346,347,348,349,350,351,352,353,354,355,356,357,358,359,360,361,362,363,364,365,366,367,368,369,370,371,372,373,374,375,376,377,378,379,380,381,382,383,384,385,386,387,388,389,390,391,392,393,394,395,396,397,398,399,400,401,402,403,404,405,406,407,408,409,410,411,412,413,414,415,416,417,418,419,420,421,422,423,424,425,426,427,428,429,430,431,432,433,434,435,436,437,438,439,440,441,442,443,444,445,446,447,448,449,450,451,452,453,454,455,456,457,458,459,460,461,462,463,464,465,466,467,468,469,470,471,472,473,474,475,476,477,478,479,480,481,482,483,484,485,486,487,488,489,490,491,492,493,494,495,496,497,498,499,500,501,502,503,504,505,506,507,508,509,510,511,512,513,514,515,516,517,518,519,520,521,522,523,524,525,526,527,528,529,530,531,532,533,534,535,536,537,538,539,540,541,542,543,544,545,546,547,548,549,550,551,552,553,554,555,556,557,558,559,560,561,562,563,564,565,566,567,568,569,570,571,572,573,574,575,576,577,578,579,580,581,582,583,584,585,586,587,588,591,597,598,599,600,601,602,605,606,607,608,609,610,611,612,613,614,615,616,617,618,619,621,622,623,624,625,626,627,628,629,630,631,632,635,636,641,642,643,644,645,646,647,648,649,651,652,660,661,662,663,664,665,671,676,677,942,943,944,946,948,955,958,959,960,961,962,963,964,965,966,967,968,969,970,971,972,973,974,976,977,978,983,987,988,989,990,991,999,1000,1001,1002,1003,1004,1005,1006,1007,1008,1009,1010,1011,1012,1016,1017,1018,1019,1020,1021,1022,1023,1024,1025,1026,1027,1028,1029,1030,1031,1032,1033,1034,1035,1036,1037,1038,1039,1040,1041,1042,1043,1044,1045,1046,1047,1048,1049,1050,1051,1052,1053,1054,1055,1056,1057,1058,1059,1060,1061,1062,1063,1064,1065,1066,1067,1068,1069,1070,1071,1072,1073,1074,1075,1076,1077,1078,1079,1080,1081,1082,1083,1084,1085,1086,1087,1088,1089,1090,1091,1092,1093,1094,1095,1096,1097,1098,1099,1100,1101,1102,1103,1104,1105,1106,1107,1108,1109,1110,1111,1112,1113,1114,1115,1116,1117,1118,1119,1120,1124,1273,1274,1277,1278,1279,1280,1283,1284,1285,1286,1287,1288,1290,1291,1292,1293,1294,1295,1296,1297,1298,1299,1300,1301,1302"
HH508_0000_ND3.JP2,"25,26,27,28,29,30,31,32,33,34,35,36,37,38,39,40,41,42,43,44,45,46,47,48,49,50,51,52,53,54,55,56,57,58,59,60,61,62,63,64,65,66,67,68,69,70,71,72,73,74,75,76,77,78,79,80,81,82,83,90"
HA316_0001_ND3.JP2,"288,289,297,298,299,305,306,307,308,313"
HF856_0000_ND3.JP2,122
H2312_0000_ND3.JP2,"1002,1006,1007,1008,1283,1287,1288"
H7420_0000_ND3.JP2,"114,115"
HF657_0000_ND3.JP2,"653,658,660,661,662,663,664,665,671,672,673,674,675,676,677"
H4245_0000_ND3.JP2,872
H5210_0001_ND3.JP2,"744,745,746,749,750,751,752,753,755,756"
H8546_0000_ND3.JP2,"1233,1234,1235"
H5314_0000_ND3.JP2,"1,2"
H4615_0009_ND3.JP2,"869,870,871,872,873,874,875,876"
H2684_0000_ND3.JP2,1268
H2526_0001_ND3.JP2,"743,745"
H2148_0000_ND3.JP2,"1226,1229"
H1594_0000_ND3.JP2,"70,71,72,73,74,75,76,77,78"
HF597_0000_ND3.JP2,"524,525,526,527,528,529,530,531,532,533,534,536,537,538,539,540,541,542,543,544,545,546,548,551,552,553"
H5263_0001_ND3.JP2,"1127,1128,1129,1130"
HC813_0000_ND3.JP2,"1114,1115,1116,1117,1118,1300,1301,1302"
H2687_0000_ND3.JP2,"730,732"
H1876_0000_ND3.JP2,"953,954,958,959,960,961,962,963,964,965,966,967,968,969,970,976,977,978,983,987,988,989,990,991,1004,1005,1274"
H0488_0000_ND3.JP2,1125
H7357_0000_ND3.JP2,"300,301,302,303,304,311,312,314,315,316,317,320"
H2438_0000_ND3.JP2,"735,736,738,739,740"
H5321_0000_ND3.JP2,"715,716,721,722,723,724"
H6477_0000_ND3.JP2,"1146,1147"
HD764_0009_ND3.JP2,"70,71,72,73,74,75,76,77,78"
HA721_0000_ND3.JP2,"1144,1150,1151,1152,1160"
HC746_0000_ND3.JP2,"19,20,39,40,43,47,51,53,54,55,56,57,58,59,60,61,62,63,64,65,66,67,68,69,70,71,72,73,74,75,76,77,78,79,80,81,82,83,84,85,90,201,202,203,204,205,206,207,208,209,210,211,212,213,214,215,216,217,218,219,220,221,222,223,224,225,226,227,228,229,230,231,232,233,234,235,236,237,238,239,240,241,242,243,244,245,246,247,248,249,250,251,252,253,254,255,256,257,258,259,260,261,262,263,264,265,266,267,268,269,270,271,272,273,274,275,276,277,278,279,280,281,282,283,284,285,286,287,288,289,290,291,292,293,294,295,296,297,298,299,300,301,302,303,304,305,306,307,308,309,310,311,312,313,314,315,316,317,318,319,320,321,322,323,324,325,326,327,328,329,330,331,332"
HF641_0000_ND3.JP2,"106,107,108,109,110,111,112,113"
H5401_0000_ND3.JP2,"7,8,9,11,12,14"
H2598_0001_ND3.JP2,"1106,1107,1108,1109,1110,1111,1112,1113,1114,1115,1116,1298,1299"
H8602_0001_ND3.JP2,1143
H1404_0001_ND3.JP2,"84,85,86,87,88,89,90,91,92,93"
H9558_0000_ND3.JP2,724
H6449_0000_ND3.JP2,732
H2482_0000_ND3.JP2,744
H1550_0000_ND3.JP2,"31,32,35,36,37,38,39,40,41,42,43,44,45,46,47,48,49,50,51,52,53,54,55,56,57,58,59,60,63,64,65,66,67,68"
H2878_0000_ND3.JP2,"194,195,196,197"
HD329_0000_ND3.JP2,"19,20"
H2644_0000_ND3.JP2,"858,859,860,861"
H4235_0000_ND3.JP2,917
H0376_0000_ND3.JP2,"736,737"
H0577_0000_ND3.JP2,"752,754,755,756,757,758,759,760,761"
H6393_0000_ND3.JP2,897
HC633_0000_ND3.JP2,932
HE835_0000_ND3.JP2,"1212,1213,1214,1215,1216,1217,1218"
H1485_0009_ND3.JP2,"114,115"
H5387_0000_ND3.JP2,"81,82"
H2665_0001_ND3.JP2,730
H8584_0000_ND3.JP2,"1114,1115,1116"
HC715_0000_ND3.JP2,1222
H8599_0000_ND3.JP2,"728,729"
H5407_0000_ND3.JP2,"440,441,442,443,469,470,471,476,477,478,479"
HD366_0000_ND3.JP2,"1,2,3,4,5,278,279,280,283,284,285,286,287,288,290,291,292,293,294,295,296,297,298,300,301,302,303,304,305,306,307,308,309,310,311,312,313,314,315,316,317,318,319,320,321,322,323,324,325,326,327,328,329,330,331,332,333,334,335,336,337,338,339,340,341,342,343,344,345,346,347,348,349,350,351,352,353,354,355,356,357,358,359,360,361,362,363,364,365,366,367,368,369,370,371,372,373,374,375,376,377,378,379,380,381,382,383,384,385,386,387,388,389,390,391,392,393,394,395,396,397,398,399,400,401,402,403,404,405,406,407,408,409,410,411,412,413,414,415,416,417,418,419,420,421,422,423,424,425,426,427,428,429,430,431,432,433,434,435,436,437,438,439,440,441,442,443,444,445,446,447,448,449,450,451,452,453,454,455,456,457,458,459,460,461,462,463,464,465,466,467,468,469,470,471,472,473,474,475,476,477,478,479,480,481,482,483,484,485,486,487,488,489,490,491,492,493,494,495,496,497,498,499,500,501,502,503,504,505,506,507,508,509,510,511,512,513,514,515,516,517,518,519,520,521,522,523,524,525,526,527,528,529,530,531,532,533,534,535,536,537,538,539,540,541,542,543,544,545,546,547,548,549,550,551,552,553,554,555,556,557,558,559,560,561,562,563,564,565,566,567,568,569,570,571,572,573,574,575,576,577,578,579,580,581,582,583,584,585,586,587,588,589,590,591,592,593,594,595,596,597,598,599,600,601,602,603,604,605,606,607,608,609,610,611,612,613,614,615,616,617,618,619,620,621,622,623,624,625,626,627,628,629,630,631,632,633,634,635,636,637,638,639,640,641,642,643,644,645,646,647,648,649,650,651,652,653,654,655,656,657,658,659,660,661,662,663,664,665,666,667,668,669,670,671,672,673,674,675,676,677,678,679,680,681,682,683,684,685,686,687,688,689,690,691,692,693,694,695,696,697,698,699,700,701,702,703,704,705,706,707,708,709,710,711,712,713,714,715,716,717,718,719,720,721,722,723,724,725,726,727,932,933,934,935,936,937,938,939,940,941,942,943,944,945,946,947,948,949,950,951,952,953,954,955,956,957,958,959,960,961,962,963,964,965,966,967,968,969,970,971,972,973,974,975,976,977,978,979,980,981,982,983,984,985,986,987,988,989,990,991,992,993,994,995,996,997,998,999,1000,1001,1002,1003,1004,1005,1006,1007,1008,1009,1010,1011,1012,1013,1014,1015,1016,1017,1018,1019,1020,1021,1022,1023,1024,1025,1026,1027,1028,1029,1030,1031,1032,1033,1034,1035,1036,1037,1038,1039,1040,1041,1042,1043,1044,1045,1046,1047,1048,1049,1050,1051,1052,1053,1054,1055,1056,1057,1058,1059,1060,1061,1062,1063,1064,1065,1066,1067,1068,1069,1070,1071,1072,1073,1074,1075,1076,1077,1078,1079,1080,1081,1082,1083,1084,1085,1086,1087,1088,1089,1090,1091,1092,1093,1094,1095,1096,1097,1098,1099,1100,1101,1102,1103,1104,1105,1106,1107,1108,1109,1110,1111,1112,1113,1114,1115,1116,1117,1118,1119,1120,1122,1123,1124,1125,1271,1272,1273,1274,1275,1276,1277,1278,1279,1280,1281,1282,1283,1284,1285,1286,1287,1288,1289,1290,1291,1292,1293,1294,1295,1296,1297,1298,1299,1300,1301,1302"
HA678_0000_ND3.JP2,933
HC750_0000_ND3.JP2,1144
HG925_0000_ND3.JP2,"1112,1113"
HG957_0000_ND3.JP2,"83,84,85,86,87,88,89,90,91,92,93,94,95,96,97,98,99,100,101,102,103,104,105,106,107,108,109,110,111,112,113,288,289,292,293,294,295,296,297,298,299,300,301,302,303,304,305,306,307,308,309,310,311,312,313,314,315,316,317,318,319,320,321,322,323,324,325,326,327,328,329,330,331,332,333,334,335,336,337,338,339,340,341,342,343,344,345,346,347,348,349,350,351,352,353,354,355,356,357,358,359,360,361,362,363,364,365,366,367,368,369,370,371,372,373,374,375,376,377,378,379,380,381,382,383,384,385,386,387,388,389,390,391,392,393,394,395,396,397,398,399,400,401,402,403,404,405,406,407,408,409,410,411,412,413,414,415,416,417,418,419,420,421,422,423,424,425,426,427,428,429,430,431,432,433,434,435,436,437,438,439,440,441,442,443,444,445,446,447,448,449,450,451,452,453,454,455,456,457,458,459,460,461,462,463,464,465,466,467,468,469,470,471,472,473,474,475,476,477,478,479,480,481,482,483,484,485,486,487,488,489,490,491,492,493,494,495,496,497,498,499,500,501,502,503,504,505,506,507,508,509,510,511,512,513,514,515,516,517,518,519,520,521,522,523,524,525,526,527,528,529,530,531,532,533,534,535,536,537,538,539,540,541,542,543,544,545,546,547,548,549,550,551,552,553,554,555,556,557,558,559,560,561,562,563,564,565,566,567,568,569,570,571,572,573,574,575,576,577,578,579,580,581,582,583,584,585,586,587,588,589,590,591,592,593,594,595,596,597,598,599,600,601,602,603,604,605,606,607,608,609,610,611,612,613,614,615,616,617,618,619,620,621,622,623,624,625,626,627,628,629,630,631,632,633,634,635,636"
H1609_0009_ND3.JP2,"84,85,87,88"
HG207_0000_ND3.JP2,"39,40,43,47,48,49,51,52,53,54,55,56,57,58,59,60,61,62,63,64,65,66,67,68,69,70,71,72,73,74,75,76,77,78"
HG811_0000_ND3.JP2,"869,870,871,873,874,875"
HD927_0000_ND3.JP2,"166,167,168,169"
H9580_0000_ND3.JP2,"21,22,23,25"
H8574_0000_ND3.JP2,"1203,1204,1205,1206,1207,1208,1304,1305,1306,1307"
H2612_0000_ND3.JP2,"908,909,910"
HC772_0000_ND3.JP2,"757,758,759,760,761"
H0550_0000_ND3.JP2,"1104,1105,1106,1107,1108,1109,1110,1298,1299"
H2669_0000_ND3.JP2,"762,763,764,765,766,767,768,769,770,771,772,773,774,775,776"
H6667_0000_ND3.JP2,"741,742,743,744"
H3289_0000_ND3.JP2,"393,396,397,398,399,400,401,402,403,404,405,406,407,408,409,410,411,412,413,414,415,416,417,418,419,420,421,422,423,424,425,426,428,429,430,431,432,433"
HC939_0000_ND3.JP2,"900,901,902,903,1270"
HD082_0000_ND3.JP2,"750,751,752,753,755,757,758,759"
HC738_0000_ND3.JP2,"1,2,3,4,5,6,114,115,116,117,118,119,120,121,122,123,124,125,126,127,128,129,130,131,132,133,134,135,136,137,138,139,140,141,142,143,144,145,146,147,148,149,150,151,152,153,154,155,156,157,158,159,160,161,162,163,164,165,166,167,168,169,170,171,172,173,174,175,176,177,178,179,180,181,182,183,184,185,186,187,188,189,190,191,724,725"
H0038_0000_ND3.JP2,"1081,1084,1089,1091,1092,1093,1094,1095,1096,1097,1098,1099,1100,1101,1102,1103,1295,1296,1297"
H4190_0000_ND3.JP2,"862,863,864,865"
H1232_0000_ND3.JP2,"105,108"
H3253_0000_ND3.JP2,"3,4,5"
HD408_0000_ND3.JP2,"201,202,203,204,205,206,207,208,209,210,211,212,213,214,215,216,217,218,219,220,221,222,223,224,225,226,227,228,229,230,231,232,233,234,235,236,237,238,239,240,241,242,243,244,245,246,247,248,249,250,251,252,253,254,255,256,257,258,259,260,261,262,263,264,265,266,267,268,269,270,271,272,273,274,275,276,277,278,279,280,281,282,283,284,285,286,287,288,289,290,291,292,293,294,295,296,297,298,299,300,301,302,303,304,305,306,307,308,309,310,311,312,313,314,315,316,317,318,319,320,321,322,323,324,325,326,327,328,329,330,331,332,333,334,335,336,337,338,339,340,341,342,343,344,345,346,347,348,349,350,351,352,353,354,355,356,357,358,359,360,361,362,363,364,365,366,367,368,369,370,371,372,373,374,375,376,377,378,379,380,381,382,383,384,385,386,387,388,389,390,391,392,393,394,395,396,397,398,399,400,401,402,403,404,405,406,407,408,409,410,411,412,413,414,415,416,417,419,420,421,422,423,424,425,426,427,428,429,430,431,432,433,434,435,436,437,438,439,440,447,448,449,450,451,452,453,454,455,456,457,458,459,460,461,462,463,464,465,466,467,468,472,473,474,475,480,481,482,483,484,488,489,491,514,519,520,901,902,903,904,905,906,907,908,909,910,911,912,913,914,915,916,917,918,919,920,921,922,923,924,925,926,927,928,929,930,931,932,933,934,935,936,937,938,939,940,941,942,943,944,945,946,947,948,949,950,951,952,953,954,955,956,957,958,959,960,961,962,963,964,965,966,967,968,969,970,971,972,973,974,975,976,977,978,979,980,981,982,983,984,985,986,987,988,989,990,991,992,993,994,995,996,997,998,999,1000,1001,1002,1003,1004,1005,1006,1007,1008,1009,1010,1011,1012,1013,1014,1015,1016,1017,1018,1019,1020,1021,1022,1023,1024,1025,1026,1027,1028,1029,1030,1031,1032,1033,1034,1035,1036,1037,1038,1039,1040,1041,1042,1043,1044,1045,1046,1047,1048,1049,1050,1051,1052,1053,1054,1055,1056,1057,1058,1059,1060,1061,1062,1063,1064,1065,1066,1067,1068,1069,1070,1071,1072,1073,1074,1075,1076,1077,1078,1079,1080,1081,1082,1083,1084,1085,1086,1087,1088,1089,1090,1091,1092,1093,1094,1095,1096,1097,1098,1099,1100,1101,1102,1103,1104,1105,1106,1107,1108,1109,1110,1270,1271,1272,1273,1274,1275,1276,1277,1278,1279,1280,1281,1282,1283,1284,1285,1286,1287,1288,1289,1290,1291,1292,1293,1294,1295,1296,1297,1298,1299"
HG498_0000_ND3.JP2,"1081,1084,1089,1091,1093,1094,1095,1096,1097,1104,1105,1106,1107,1108,1109,1295,1296,1298,1299"
H8990_0000_ND3.JP2,"897,898,900"
HC831_0000_ND3.JP2,"1137,1138,1139,1140,1144"
HA770_0000_ND3.JP2,"1122,1123"
H8290_0000_ND3.JP2,18
H4297_0000_ND3.JP2,904
HC690_0000_ND3.JP2,1130
HC766_0000_ND3.JP2,"888,889,890"
H9255_0000_ND3.JP2,"1145,1149,1150,1151,1152,1161,1166"
H4978_0000_ND3.JP2,1218
H2574_0003_ND3.JP2,"7,8,9,10,11,12,14,15,16,17,18,19,20,21,22,23,24,25,26,27,28,29,30,31,32,33,34,35,36,37,38,39,40,41,42,43,44,45,46,47,48,50,51,52,53,54,55,56,57,58,60,61,62,64,65,66,67,70,72,73,75"
H6523_0000_ND3.JP2,"1117,1300,1301,1302"
HF945_0000_ND3.JP2,201
HF975_0000_ND3.JP2,"81,82"
H0453_0000_ND3.JP2,"837,838,839,840,841,842,843,844"
H2726_0000_ND3.JP2,"975,979,980,981,982,984,985,986,992,993,994,995,996,997,998,999,1000,1001,1006,1007,1008,1009,1010,1011,1013,1014,1015,1016,1017,1018,1019,1024,1025,1026,1275,1276,1277,1278,1279,1280,1281,1282,1287,1288,1289,1290,1291"
HC745_0000_ND3.JP2,"893,894"
H2692_0001_ND3.JP2,"885,886,887"
H2195_0000_ND3.JP2,"1119,1120"
HG455_0000_ND3.JP2,"809,810,811,812,813,814,815,816,1266,1267"
H0383_0000_ND3.JP2,749
H6442_0000_ND3.JP2,"760,761"
H4355_0000_ND3.JP2,881
H5360_0000_ND3.JP2,"229,230,234,238,239,240,241,242,243,244,245,248,249,251,252,253"
HC767_0000_ND3.JP2,"999,1000,1001,1002,1003,1004,1006,1277,1278,1279,1283,1284,1285"
HC841_0000_ND3.JP2,"7,8,9,10,11,12,14,15,16,17,18,19,20,21,22,23,24,25,26,27,28,29,30,31,32,33,34,35,36,37,38,39,40,41,42,43,44,45,46,47,48,49,50,51,52,53,54,55,56,57,58,59,60,61,62,63,64,65,66,67,68,69,70,71,72,73,74,75,76,77,78,79,80,81,82,201,202,203,204,205,206,207,208,209,210,211,212,213,214,215,216,217,218,219,220,221,222,223,224,225,226,227,228,229,230,231,232,233,234,235,236,237"
H7512_0000_ND3.JP2,"70,71,72,73,74,75,76,77,78"
H2501_0000_ND3.JP2,"855,856,857,1269"
H2441_0000_ND3.JP2,"1191,1192,1193,1194,1195,1196,1197,1198,1199,1200,1201,1202"
HC730_0009_ND3.JP2,"817,818,819,820"
HC751_0000_ND3.JP2,"787,788,789"
H2694_0001_ND3.JP2,"1227,1229,1233,1234,1235,1238,1239,1240,1241,1242,1308"
HA632_0000_ND3.JP2,912
H5267_0000_ND3.JP2,"694,699,700,701,702,703,704,705,706,707,708,709,710,711,712,713,714,718,720"
H8557_0000_ND3.JP2,"736,737"
H0420_0000_ND3.JP2,1268
H0397_0000_ND3.JP2,"1238,1239,1241,1242"
HG146_0000_ND3.JP2,"557,558,559,560,561,562,563,564,565,566,567,568,569,570,571,572,573,574,575,576,577,578,579,580,581,582,583,584,585,586,587,588,589,590,591,592,593,594,595,596,597,598,599,600,601,602,603,604,605,606,607,608,609,610,611,612,613,614,615,617,618,619,620"
H4815_0000_ND3.JP2,"1231,1232,1236,1237"
HH050_0000_ND3.JP2,"19,20,54,60,62,70,71,72,73,74,75,76,77,78,79,80,81,82,83"
HF733_0009_ND3.JP2,"125,133,134,142,143,144,145,146,159"
H2630_0001_ND3.JP2,"897,898"
HF845_0000_ND3.JP2,"94,95,96,97"
H6501_0000_ND3.JP2,"913,914"
H8730_0000_ND3.JP2,1268
HE088_0000_ND3.JP2,"732,733,734,735,736,737,738,739,740,741,742,743,744,745,746,747,748,749,750,751,752,753,754,755,756,757,758,759,760,761,762,763,764,765,766,767,768,769,770,771,772,773,774,775,776,777,778,779,780,781,782,783,784,785,786,787,788,789,790,791,792,793,794,795,796,797,798,799,800,801,802,803,804,805,806,807,808,809,810,811,812,813,814,815,816,817,818,819,820,908,909,910,911,912,913,914,915,916,917,918,919,920,921,922,923,924,925,926,927,928,929,930,931,932,933,934,935,936,937,938,939,940,941,942,943,944,945,946,947,948,949,950,951,952,953,954,955,956,957,958,959,960,961,962,963,964,965,966,967,968,969,970,971,972,973,974,975,976,977,978,979,980,981,982,983,984,985,986,987,988,989,990,991,992,993,994,995,996,997,998,999,1000,1001,1002,1003,1004,1005,1006,1007,1008,1009,1010,1011,1012,1013,1014,1015,1016,1017,1018,1019,1021,1022,1023,1024,1025,1026,1028,1029,1030,1031,1033,1034,1035,1036,1037,1044,1045,1046,1054,1055,1262,1263,1264,1265,1266,1267,1271,1272,1273,1274,1275,1276,1277,1278,1279,1280,1281,1282,1283,1284,1285,1286,1287,1288,1289,1290,1291"
H9492_0000_ND3.JP2,18
H2895_0000_ND3.JP2,"81,82"
H2719_0000_ND3.JP2,1121
H5281_0000_ND3.JP2,"324,325,326,332,333,334,335,336,337,338,339,340,341,342,343,344,345,346,347,348,349,350,351,352,353,356,357,364"
H8669_0000_ND3.JP2,"1203,1204,1208,1306,1307"
H0266_0000_ND3.JP2,"845,846,847,848"
HD067_0000_ND3.JP2,"1131,1132,1133,1134,1135,1136,1137,1138,1139,1140,1141,1142,1143,1144,1145,1151,1303"
HA274_0000_ND3.JP2,"527,536,537,538,539,540,541,542,543,544,545,546,547,548,549,550,551,552,553,554,555,557,558,559,560,561,562"
HC758_0000_ND3.JP2,"771,772,774,775,776,777,778,779,1262,1263"
HG753_0000_ND3.JP2,"1137,1138,1139,1140,1144,1145"
H7463_0000_ND3.JP2,"123,124"
HC743_0000_ND3.JP2,"1167,1168,1169"
H7118_0000_ND3.JP2,"1151,1152,1166"
H8699_0000_ND3.JP2,892
H2660_0001_ND3.JP2,"934,935,936,937,938,939,940,941,942,943,944,945,946,947,948,949,950,951,952,953,954,955,956,957,959,960,961,962,963,964,971,972,974,975,1271,1272,1273"
H5081_0000_ND3.JP2,"70,71,72,73,74,75,76,77,78"
HF119_0000_ND3.JP2,"912,913,914"
H1854_0009_ND3.JP2,"941,942,943,944,945,946,947,948,949,950,951,952,953,954,955,956,957,958,959,960,961,962,963,964,965,966,967,968,969,970,971,972,973,974,976,977,978,981,983,986,987,988,989,990,991,994,998,999,1000,1001,1002,1003,1004,1005,1271,1272,1273,1274,1277,1278,1279,1280,1284"
HC637_0000_ND3.JP2,1124
HG863_0000_ND3.JP2,"762,763,764"
HD724_0000_ND3.JP2,535
HG856_0009_ND3.JP2,"775,776,777,778"
H7407_0009_ND3.JP2,"321,322,326,327,328,329,330,331,332"
H0587_0000_ND3.JP2,"1129,1130"
H2287_0001_ND3.JP2,"1151,1152,1166"
H2663_0001_ND3.JP2,"897,898"
H5365_0000_ND3.JP2,7
H2574_0000_ND3.JP2,"817,822"
H5249_0000_ND3.JP2,"692,693,694,695,696,697,698,707,708,709,710"
HG505_0000_ND3.JP2,"519,520,522,523,535,555,556,559,560,561,562,563,564,565,566,567,568,569,570,571,572,573,574,575,576,577,578,579,580,581,584,585,586,587,588,589,590,591,592,593,594,595,596,597,598,599,600,601,602,603,604,605,606,607,608,609,610,611,612,613,614,615,616,617,618,619,620,621,622,623,624,625,626,627,628,629,630,631,632,633,634,635,636,637,638,639,640,641,642,643,644,645,646,647,648,649,650,651,652,653,654,655,656,657,658,659,660,661,662,663,664,665,666,667,668,669,670,671,672,673,674,675,676,677,678,679,680,681,682,683,684,685,686,687,688,689,690,691,692,693,694,695,696,697,698,699,700,701,702,703,704,705,706,707,708,709,710,711,712,713,714,715,716,717,718,719,720,721,722,723,724,725,726,727,728,729,730,731,732,733,734,735,736,737,738,739,740,741,742,743,744,745,746,747,748,749,750,751,752,753,754,755,756,757,758,759,760,761,762,763,764,765,766,767,768,769,770,771,772,773,774,775,776,777,778,779,780,781,782,783,784,785,786,787,788,789,790,791,792,793,794,795,796,797,798,799,800,801,802,803,804,805,806,807,808,809,810,811,812,813,814,815,816,817,818,819,820,821,822,823,824,825,826,827,828,829,830,831,832,833,834,835,836,837,838,839,840,841,842,843,844,845,846,847,848,849,850,851,852,853,854,855,856,857,1262,1263,1264,1265,1266,1267,1268,1269"
HE372_0000_ND3.JP2,"201,736,737,741,742,743,744,1081,1082,1083,1084,1089,1090,1091,1092,1093,1094,1095,1096,1097,1098,1100,1101,1102,1103,1104,1105,1106,1107,1108,1109,1110,1111,1112,1113,1114,1115,1116,1117,1118,1119,1120,1121,1122,1123,1124,1125,1126,1127,1128,1129,1130,1131,1132,1133,1134,1135,1136,1137,1138,1139,1140,1144,1145,1148,1149,1150,1151,1152,1153,1154,1155,1156,1157,1158,1159,1160,1161,1162,1166,1171,1191,1192,1193,1194,1195,1196,1197,1198,1199,1200,1201,1202,1209,1210,1231,1232,1236,1237,1295,1296,1297,1298,1299,1300,1301,1302,1303"
H2667_0000_ND3.JP2,"912,913,914"
H5303_0000_ND3.JP2,"715,716,717,718,720,721,722"
H4076_0000_ND3.JP2,827
H1483_0000_ND3.JP2,"651,652,653,654,655,656,657,658,659,660,661,662,663,664,665,666,667,668,669,670,671,672,673,674,675,676,677,678,679,680"
H2872_0000_ND3.JP2,"1,2,3,4,5,6"
H4645_0000_ND3.JP2,"904,905,906,907"
H0510_0000_ND3.JP2,1126
H7500_0000_ND3.JP2,"524,525,526,527,528,529,530,531,532,533,534,536"
H4210_0001_ND3.JP2,1124
HA671_0000_ND3.JP2,"936,937,955"
H7468_0000_ND3.JP2,"639,640"
H6742_0001_ND3.JP2,744
H6552_0000_ND3.JP2,"1150,1151,1152,1153,1154,1155,1156,1157,1158,1159,1160,1161,1162,1163,1164,1165,1168,1169,1170"
H5413_0000_ND3.JP2,148
H0405_0000_ND3.JP2,"771,774,776,777,778,779,780,781,1262,1263,1265"
H5317_0000_ND3.JP2,"364,365,366,371,372,373,374,375,377,378,379,380,381,382,383,384,385,386,387,388,389,390,391,392,393,394,395,396,397,402,404,405,412"
H1629_0000_ND3.JP2,"278,279,280,284,285,286,287,288,289,290,291,292,293,294,295,296,297,298,299,300,301,302,303,304,305,306,307,308,309,310,311,312,313,314,315,316,317,318,319,320"
H0511_0000_ND3.JP2,743
HF876_0000_ND3.JP2,7
H2541_0000_ND3.JP2,"815,816"
HH710_0000_ND3.JP2,80
H9506_0000_ND3.JP2,"7,11"
H0424_0000_ND3.JP2,"862,863,864,865"
H8596_0000_ND3.JP2,800
H4290_0000_ND3.JP2,"918,919,920,921"
H4349_0000_ND3.JP2,"1104,1105"
HH444_0000_ND3.JP2,"79,80,81,82,83,84,85,86,87,88,89,90,91,92,93,94,95,96,97,98,99,100,101,103,104,114,115,148,149,166,167,168,169,182,183,191,817,818,819,820,821,822,823,824,825,826,827,837,838,839,840,841,842,843,844,845,846,847,848,849,850,851,852,853,854"
H2400_0001_ND3.JP2,"1031,1032,1033,1034,1035,1036,1037,1038,1039,1043,1044,1045,1047,1048,1049,1050,1051,1052,1053,1054,1055"
H5324_0000_ND3.JP2,"204,206,207,208,209,210,211,212,213,214,215,216,217,218,221,225,226,227,229,230,232,233,235,236,237"
HF896_0000_ND3.JP2,"419,421,422,423,424,425,426,427,428,429,430,431,432,433,434,435,436,437,438,439,440,447,448,449,450,452,453,456,457,459,460,461,462,463"
H5357_0000_ND3.JP2,"724,725"
HE760_0000_ND3.JP2,917
H2162_0001_ND3.JP2,"1117,1118,1300,1301,1302"
H5286_0000_ND3.JP2,"31,32,38,39,40,41,42,43,44,45,46,47,50,51,53,54,55,57,58,64"
H0554_0000_ND3.JP2,"1127,1128,1129,1130"
H2648_0000_ND3.JP2,"882,883,884,885,887"
H0486_0000_ND3.JP2,"845,846,847,848"
H8304_0000_ND3.JP2,"7,10,11,12,14"
H2403_0001_ND3.JP2,"901,902,903,1270"
H1574_0008_ND3.JP2,"202,203,204,205,212,213,214,215,216,217,218,225,226,227,230,235,236"
H4477_0002_ND3.JP2,"941,944,945,946,947,948,949,950,951,952,956,957,971,972,973,974,1271,1272,1273"
H1312_0000_ND3.JP2,"48,49,52,53,64,65"
HA872_0000_ND3.JP2,"1118,1119,1120"
HE778_0000_ND3.JP2,"1081,1084,1089,1091,1093,1094,1095,1096,1097,1098,1295,1296,1297"
H1202_0000_ND3.JP2,13
H6498_0000_ND3.JP2,"1114,1115,1116"
HD856_0000_ND3.JP2,"101,102,103,104"
HF838_0000_ND3.JP2,"101,104"
H2864_0000_ND3.JP2,"305,306,307,308,309,310,313,318,319,320,321,322,323,324,325,326,327,328,329,330,331,332,333,334,335,336,337,338,339,340,341,342,343,344,345,346,347,348,349,350,351,352,353,354,355,356,357,358,359,360,361,362,363,364,365,366,367,368,369,370,372,373,374,375,376,381,383,384,394"
HD089_0000_ND3.JP2,"742,743,745,746,749,750,751,752,753,755,756"
HF922_0000_ND3.JP2,"70,71,72,73,74,75,76,77,78"
H2650_0000_ND3.JP2,"1226,1227,1228,1229,1230,1231,1232"
H5362_0009_ND3.JP2,90
HG467_0000_ND3.JP2,"911,912,913,914"
H6578_0000_ND3.JP2,"792,793,794,795,796,797,798,799,800,801,802,803,804,805,806,807,808,1264,1265"
HC863_0000_ND3.JP2,"1223,1224,1233,1308"
HE150_0000_ND3.JP2,"767,768,769,770,771,772,773,774,775,776,777,778,779,780,781,782,783,784,785,786,787,788,789,790,791,792,793,794,795,796,797,798,799,800,801,802,803,804,805,806,807,808,809,810,811,812,813,814,815,816,817,818,819,820,821,822,823,824,825,826,827,828,829,830,831,832,833,834,835,836,837,838,839,840,841,842,843,844,845,846,847,848,849,850,851,852,853,854,855,856,857,858,924,925,926,927,928,929,930,931,932,933,934,935,936,937,938,939,940,941,942,943,944,945,946,947,948,949,950,951,952,953,954,955,956,957,958,959,960,961,962,963,964,965,966,967,968,969,970,971,972,973,974,975,976,977,978,979,980,981,982,983,984,985,986,987,988,989,990,991,992,993,994,995,996,997,998,999,1000,1001,1002,1003,1004,1005,1006,1007,1008,1009,1010,1011,1012,1013,1014,1015,1016,1017,1018,1019,1020,1021,1022,1023,1024,1025,1026,1027,1028,1029,1030,1031,1032,1033,1034,1035,1036,1037,1038,1039,1040,1041,1042,1043,1044,1045,1046,1047,1048,1049,1050,1051,1052,1053,1054,1055,1056,1057,1058,1059,1060,1061,1062,1063,1064,1065,1066,1067,1068,1069,1070,1071,1072,1073,1074,1075,1076,1077,1078,1079,1080,1081,1082,1083,1084,1085,1086,1087,1088,1089,1090,1091,1092,1093,1094,1095,1096,1097,1098,1099,1100,1101,1102,1103,1104,1105,1106,1107,1108,1109,1110,1111,1112,1113,1114,1115,1116,1117,1118,1119,1120,1121,1262,1263,1264,1265,1266,1267,1268,1269,1271,1272,1273,1274,1275,1276,1277,1278,1279,1280,1281,1282,1283,1284,1285,1286,1287,1288,1289,1290,1291,1292,1293,1294,1295,1296,1297,1298,1299,1300,1301,1302"
HA706_0000_ND3.JP2,916
H2917_0000_ND3.JP2,82
H1254_0000_ND3.JP2,"106,107,108,109,110,111,112,113"
HD778_0000_ND3.JP2,"35,36,37,48,49,53"
HD799_0009_ND3.JP2,7
H1582_0000_ND3.JP2,724
HD791_0000_ND3.JP2,"635,636"
HC860_0000_ND3.JP2,743
HF727_0000_ND3.JP2,"313,314,318,319,320"
H2508_0000_ND3.JP2,"809,815,816,1267"
H0528_0000_ND3.JP2,"1100,1101,1102,1103,1104,1105,1106,1107,1108,1109,1298,1299"
H2736_0000_ND3.JP2,"888,889,891,892"
H2466_0000_ND3.JP2,"1059,1060,1061,1062,1065,1066,1067,1068,1069,1070,1071,1072,1073,1074,1075,1076,1077,1078,1079,1080,1082,1293,1294"
H2638_0000_ND3.JP2,"933,934,935,936,937,938,939,940,955"
HE701_0000_ND3.JP2,"1133,1134,1303"
H7457_0000_ND3.JP2,"324,337,338,344,345,346,347,348,349,350,351,352,353,359"
HG858_0000_ND3.JP2,"1009,1010,1011,1012,1014,1015,1016,1017,1018,1019,1020,1021,1022,1023,1024,1025,1026,1041,1044,1045,1046,1289,1290,1291"
HD014_0000_ND3.JP2,1126
HE044_0000_ND3.JP2,"837,838,839,840,841,842,843,844,845,846,847,848,849,850,851,852,853,854,855,856,857,858,859,860,861,862,863,864,865,866,867,868,869,870,871,872,873,874,875,876,877,878,879,880,881,882,883,884,885,886,887,888,889,890,891,892,1119,1120,1121,1122,1123,1124,1125,1126,1127,1128,1129,1130,1131,1132,1133,1134,1135,1136,1137,1138,1139,1140,1141,1142,1143,1144,1145,1146,1147,1148,1149,1150,1151,1152,1153,1154,1155,1156,1157,1158,1159,1160,1161,1162,1163,1164,1165,1166,1167,1168,1169,1170,1171,1172,1173,1174,1175,1176,1177,1178,1179,1180,1181,1182,1183,1184,1185,1186,1187,1188,1189,1190,1191,1192,1193,1194,1195,1196,1197,1198,1199,1200,1201,1202,1209,1210,1231,1232,1269,1303"
H4315_0000_ND3.JP2,"895,896"
H6408_0000_ND3.JP2,932
H2321_0001_ND3.JP2,"798,799,1264,1265"
H0165_0000_ND3.JP2,"792,793,794,795,796,797,798,799,800,801,802,806,807,808,1264,1265"
H9600_0000_ND3.JP2,"557,558,559,560,561,562,563,564,566,567,568,569,570,571,574,575,576,577,578,579,580,581,582,583,584,585,586,587,588,598"
H4365_0001_ND3.JP2,"750,751,752,755,756"
H8564_0000_ND3.JP2,"732,733,734"
H8474_0000_ND3.JP2,899
H6437_0000_ND3.JP2,"1071,1072,1073,1074,1081,1082,1083,1084,1085,1086,1087,1088,1089,1090,1091,1092,1093,1094,1095,1096,1097,1098,1292,1293,1294,1295,1297"
HG465_0000_ND3.JP2,"728,729"
H2640_0000_ND3.JP2,"823,824,825,826,827,828,829,830,831,832,833,834,835,836"
H4201_0000_ND3.JP2,"862,863,864,865"
HG139_0000_ND3.JP2,"600,601,602,605,606,607,608,609,610,611,612,613,614,615,616,617,618,619,620,621,622,623,624,625,626,627,628,629,630,631,632,633,634,635,636,637,638,641,642,643,644,645,646,647,648,649,650"
H2595_0001_ND3.JP2,"1218,1219,1220,1221,1222"
H1589_0000_ND3.JP2,"560,561,563,564,565,566,567,568,569,570,571,572,573,574,575,576,577,578,579,580,581,582,583,584,585,586,587,588,589,590,591,592,593,594,595,596,597,598,599,600,601,602,603,604,605,606,607,608,609,610,611,612,613,614,615,617,618,619,620,621,623,634"
HG179_0000_ND3.JP2,79
HC839_0000_ND3.JP2,"767,768,769,770,771,772,773,774,775"
H5155_0001_ND3.JP2,1126
HD940_0000_ND3.JP2,"828,829,830,831,832,833,834,835,836,837,838,839,840,841,842,843,844,845,846,847,848,849,850,851,852,853,854,855,856,857,858,859,860,861,862,863,864,865,866,867,868,869,870,871,872,873,874,875,876,877,878,879,880,881,1104,1105,1106,1107,1108,1109,1110,1111,1112,1113,1114,1115,1116,1117,1118,1119,1120,1121,1122,1123,1124,1125,1126,1127,1128,1129,1130,1131,1132,1133,1134,1135,1136,1137,1138,1139,1140,1141,1142,1143,1144,1145,1146,1147,1148,1149,1150,1151,1152,1153,1154,1155,1156,1157,1158,1159,1160,1161,1162,1163,1164,1165,1166,1167,1168,1169,1170,1171,1191,1192,1193,1194,1195,1268,1269,1298,1299,1300,1301,1302,1303"
H2996_0000_ND3.JP2,"519,520"
H3283_0000_ND3.JP2,"18,21,23"
H8658_0000_ND3.JP2,1121
H9254_0000_ND3.JP2,"911,912"
H2613_0000_ND3.JP2,"1127,1129,1130"
H0466_0000_ND3.JP2,1125
H2386_0000_ND3.JP2,1171
HC937_0000_ND3.JP2,"1227,1228,1229,1230,1233,1234,1235,1308"
HF869_0000_ND3.JP2,7
H8706_0000_ND3.JP2,"888,889,890,891"
H2486_0001_ND3.JP2,"813,814"
H4269_0000_ND3.JP2,"1187,1188"
HA620_0000_ND3.JP2,"817,818,819,820"
H8588_0000_ND3.JP2,1171
H5311_0000_ND3.JP2,7
HF929_0001_ND3.JP2,"53,59,60,61,62,63,64,65,68,69"
H8602_0000_ND3.JP2,1145
HC612_0000_ND3.JP2,"987,990,991,1004,1005"
H2181_0001_ND3.JP2,"1227,1228,1229,1230"
H5328_0000_ND3.JP2,"568,569,570,571,572,573,574,575,580,581,584,585,586,587,589,590,591,592,593,594,595,596,597,598,599"
H1289_0000_ND3.JP2,"715,716,717,718,720,721,722"
H1571_0000_ND3.JP2,"721,722,723,724,725,726,727"
HA574_0000_ND3.JP2,"762,763,764,765,766"
HC848_0000_ND3.JP2,"997,1275"
HF924_0000_ND3.JP2,"278,279,284,285,286,287,288,289,290,291,292,293,294"
H6526_0000_ND3.JP2,914
HH610_0000_ND3.JP2,"81,82"
H4681_0001_ND3.JP2,"877,878,881"
H1213_0000_ND3.JP2,13
H7267_0000_ND3.JP2,193
H2841_0000_ND3.JP2,"161,166,167,171,172,173,176,177,178,179,180,181,182,183,184,185,188,191"
H1600_0001_ND3.JP2,"523,524,525,526,527,528,529,530,531,532,533,534,535,536,537,538,539,540,541,542,543,544,545,546,547,548,549,550,551,552,553,554,555,556"
HD969_0000_ND3.JP2,"728,729,730,732,733,734,735,736,737,738,739,740,741,742,743,744,745,746,747,748,749,750,751,752,753,754,755,756,757,758,759,760,761,762,763,764,766,767,768,769,770,771,773,897,898,899,900,901,902,903,904,905,906,907,908,909,910,911,912,913,914,915,916,917,1231,1232,1236,1237,1243,1244,1245,1246,1247,1248,1249,1250,1251,1252,1253,1254,1255,1256,1257,1258,1259,1260,1261,1264,1265,1270,1309"
HG756_0000_ND3.JP2,1079
H3322_0000_ND3.JP2,"452,464,465,466,467,472,473,474,475,476,477,478,479,480,481,482,483,484,485,486,487,489,491,492,493,494,495,496,497"
H4304_0000_ND3.JP2,"895,896"
H9465_0000_ND3.JP2,"161,162,163,170,171,172,173,176,177,178,179,180,181,182,183,184,185,188"
H2639_0000_ND3.JP2,"1222,1223,1224,1225,1227,1229"
HG778_0000_ND3.JP2,"1243,1244,1245,1246"
HE789_0000_ND3.JP2,1131
H4308_0000_ND3.JP2,905
H1942_0000_ND3.JP2,"1027,1028,1029,1030"
HA626_0000_ND3.JP2,"1172,1174,1181,1184,1185,1186,1187,1188,1189,1190"
H2607_0000_ND3.JP2,"824,825,826,833,834"
HE330_0000_ND3.JP2,"744,790,791,792,793,794,795,796,797,798,799,801,802,803,804,805,806,807,808,809,815,816,829,830,831,832,833,834,835,836,1121,1122,1123,1124,1125,1126,1127,1128,1129,1130,1131,1132,1133,1134,1135,1136,1137,1138,1139,1140,1141,1142,1143,1144,1145,1146,1147,1148,1149,1150,1151,1152,1153,1154,1155,1156,1157,1158,1159,1160,1161,1162,1163,1164,1165,1166,1167,1168,1169,1170,1171,1172,1173,1174,1175,1176,1177,1178,1179,1180,1181,1182,1183,1184,1185,1186,1187,1188,1189,1190,1191,1192,1193,1194,1195,1196,1197,1198,1199,1200,1201,1202,1209,1210,1226,1231,1232,1236,1237,1264,1265,1266,1267,1303"
H7464_0000_ND3.JP2,"240,241,244,247,248,249,250,251,252,253,254,255,256,257,258,259,260,261,262,264,270,271"
HE680_0000_ND3.JP2,"1172,1173,1174,1175,1176,1177,1178,1179,1180,1181,1182,1183,1184,1185,1186,1187,1188,1189,1190"
H2723_0000_ND3.JP2,"1139,1140,1145,1148,1149,1150,1151,1152,1154,1155,1156,1161,1162,1166"
H0380_0000_ND3.JP2,1268
H7488_0009_ND3.JP2,"123,124,125"
HG936_0000_ND3.JP2,"1148,1149,1150,1151,1152,1153,1154,1155,1156,1158,1159,1160,1161,1162"
HD263_0000_ND3.JP2,"123,124,125,126,127,128,129,130,131,132,133,134,135,136,137,138,139,140,141,142,143,144,145,146,147,149,150,151,152,153,154,155,156,157,158,159,160,161,162,163,164,165,166,167,168,169,170,171,172,173,174,175,176,177,178,179,180,181,182,183,184,185,186,187,188,189,190,191,192,193,194,195,196,197,198,199,200,288,289,297,298,299,305,306,307,308,313,318,319,323,899,900,901,902,903,904,1270"
HF655_0000_ND3.JP2,"94,95,96,97"
HG477_0000_ND3.JP2,"1117,1122,1123,1300,1301,1302"
H6465_0000_ND3.JP2,900
H2183_0001_ND3.JP2,"897,898"
H5335_0000_ND3.JP2,"372,377,379,380,381,382,385,386,387,388,389,390,391,392,393,394,395,396,397,398,400,401,402,403,404,405,406,407,408,409,410,411,412,413,414,415"
H2383_0000_ND3.JP2,"736,737"
H7395_0000_ND3.JP2,115
H1578_0000_ND3.JP2,"488,491,494,498,499,500,501,502,503,504,505,506,507,508,509,510,511,512,513,514,515,516,517,518,519,520,521,522,523,524,525,527,536"
H9458_0000_ND3.JP2,"172,189,190"
H9253_0009_ND3.JP2,"858,859,860,861"
H1495_0000_ND3.JP2,"15,16,17,18"
H2628_0001_ND3.JP2,"1226,1229"
H0365_0000_ND3.JP2,"1111,1112,1113"
H1446_0000_ND3.JP2,"296,300,301,302,303,304,305,306,307,308,309,310,311,312,313,314,315,316,317,318,319,320"
H8580_0000_ND3.JP2,916
H2963_0000_ND3.JP2,491
H1523_0000_ND3.JP2,"397,398,399,400,401,402,403,404,405,406,407,408,409,410,411,412,413,414,415,416,417,418,419,420,421,422,423,424,425,426,427,428,429,430,431,432,433,434,435,436,437,438,439,440,441,442,443,444,445,446,447,448,449,450,451,452,453,454,455,456,457,458,459,460,461,462,463,464,465,466,467,468,469,470,471,475,491"
HD276_0000_ND3.JP2,"1,2,3,4,5,6,19,20,724,725"
H0572_0000_ND3.JP2,"1106,1107,1108,1109,1110,1298,1299"
HC726_0000_ND3.JP2,732
H1462_0000_ND3.JP2,"11,14"
HG566_0000_ND3.JP2,"1100,1101,1102,1296"
H5364_0000_ND3.JP2,"606,607,608,609,610,611,612,613,614,615,616,617,618,619,620,623"
H5380_0000_ND3.JP2,90
HG188_0000_ND3.JP2,"324,325,326,327,334,337,338,339,340,341,342,343,344,345,346,347,348,349,350,351,352,353,354,355,356,357,358,359,360,361,362,363,364,365,366,367,368,369,370,371,372,373,374,375,377,378,379,380,381,382,383,385,386,387,388,389,390,391,395,396,397,400,401,402,403,404,405,406,408,409,410,411,412"
HB708_0000_ND3.JP2,192
HA319_0000_ND3.JP2,"198,199,200"
H8256_0000_ND3.JP2,191
HD701_0009_ND3.JP2,"84,85,86,87,88,89,91,92"
H0442_0000_ND3.JP2,"837,838,839,840,841,842,843,844"
H4286_0000_ND3.JP2,904
H2454_0001_ND3.JP2,"893,894"
HF632_0000_ND3.JP2,"323,324,325,326,327"
H8611_0000_ND3.JP2,892
H8771_0000_ND3.JP2,"1154,1160,1166,1171"
HD776_0000_ND3.JP2,"196,197"
HE709_0000_ND3.JP2,"762,763,764,765,766"
HD475_0000_ND3.JP2,"125,126,127,128,129,130,131,132,133,134,138,142,143,144,145,146,147,150,151,152,153,154,155,156,157,158,159,160,161,162,163,164,165,170,171,172,173,174,175,176,177,178,179,180,181,182,183,184,185,186,187,188,189,190,191,192,193,194,195,196,197,198,199,200,899,900,901,902,903,904,1270"
H2985_0000_ND3.JP2,491
H6835_0000_ND3.JP2,"798,799,1264,1265"
HE828_0000_ND3.JP2,"1219,1220,1221,1222"
H5346_0000_ND3.JP2,"591,592,593,598,600,601,602,603,604,605,606,607,608,609"
H2510_0001_ND3.JP2,"1071,1072,1073,1074,1075,1081,1082,1083,1084,1085,1086,1087,1088,1089,1090,1091,1092,1093,1094,1095,1096,1097,1098,1099,1100,1101,1292,1293,1294,1295,1296,1297"
H8591_0000_ND3.JP2,1103
HD789_0000_ND3.JP2,"84,85,87"
HG969_0000_ND3.JP2,"19,20,22,23,24,25,26,27,28,29,30,31,32,33,34,38,39,40,41,42,43,44,45,46,47,48,49,50,51,52,53,54,55,56,57,58,59,60,61,62,63,64,65,66,67,68,69,70,71,72,73,74,75,76,77,78,79,80,81,82,83,201,202,203,204,205,206,207,208,209,210,211,212,213,214,215,216,217,218,219,220,221,222,223,224,225,226,227,228,229,230,231,232,233,234,235,236,237,238,239,240,241,242,243,244,245,246,247,248,249,250,251,252,253,254,255,256,257,258,259,260,261,262,263,264,265,266,267,268,269,270,271,272,273,274,275,276,277,278,279,280,281,282,283,284,285,286,287,288,289,290,291,292,293,294,295,296,297,298,299,300,301,302,303,304,305,306,307,308,309,310,311,312,313,314,315,316,317,318,319,320,321,322,323,324,325,326,327,328,329,330,331,332,333,334,335,336,337,338,339,340,341,342,343,344,345,346,347,348,349,350,351,352,353,354,355,356,357,358,359,360,361,362,363,364,365,366,367,368,369,370,371,372,373,374,375,376,377,378,379,380,381,382,383,384,385,386,387,388,389,390,391,392,393,394,395,396,397,398,399,400,401,402,403,404,405,406,407,408,409,410,411,412,413,414,415,416,417,418,419,420,421,422,423,424,425,426,427,428,429,430,431,432,433,434,435,436,437,438,439,440,441,442,443,444,445,446,447,448,449,450,451,452,453,454,455,456,457,458,459,460,461,462,463,464,465,466,467,468,469,470,471,472,473,474,475,476,477,478,479,480,481,482,483,484,485,486,487,489,491,492,493,494,495,496,497,508"
H1317_0000_ND3.JP2,192
H8571_0000_ND3.JP2,732
HC853_0000_ND3.JP2,"750,751,752,753"
HG864_0000_ND3.JP2,"888,889,890,891"
H3293_0000_ND3.JP2,"692,693,694,695,696,697"
H7432_0000_ND3.JP2,"324,325,326,327,332,333,334,335,336,337,338,339,340,341,344,345,346,347,348,350,351,352,353"
H1450_0000_ND3.JP2,"612,613,614,615,616,617,618,619,620,621,622,623,624,625,626,627,628,629,630,631,632,633,634,635,636,637,639,640"
H7127_0000_ND3.JP2,885
H9263_0000_ND3.JP2,"783,784,785,786"
HC781_0000_ND3.JP2,"934,935,936,938"
H1194_0000_ND3.JP2,2
H7445_0000_ND3.JP2,114
H0988_0000_ND3.JP2,"201,202,203"
H9618_0000_ND3.JP2,"1,2"
H8515_0000_ND3.JP2,"783,784,785,786"
H1616_0000_ND3.JP2,"73,74,76,77,78"
H4234_0000_ND3.JP2,866
HC774_0000_ND3.JP2,"942,943,944,945,946,947,948,949,950,951,952,953,954,955,956,957,1271,1272"
H1461_0000_ND3.JP2,"626,627,633,635,636,637,638,639,640,641,642,643,644,645,646,647,648,649,650,651,652,655,656,658,659,666"
H9472_0000_ND3.JP2,"125,126,127,128,129,130,131,132,133,134"
HG865_0000_ND3.JP2,"1009,1010,1011,1012,1013,1014,1015,1016,1017,1018,1019,1025,1026,1285,1286,1289,1290"
HE884_0000_ND3.JP2,"1129,1130"
HD694_0000_ND3.JP2,"94,95,96,97,98,99,100"
H9635_0000_ND3.JP2,"342,354,355,356,357,358,359,360,361,362,363,364,365,366,367,368,369,372,373,374,375,376,381,383,384"
HG803_0000_ND3.JP2,"738,739,740"
HG574_0000_ND3.JP2,"35,36,37,48,49,51,52,53,54,55,56,57,58,59,60,61,63,64,65,66,67,68,69,70,71,72,73,74,75,76,77,78,79,80,81,82,83,87,877,879,880,881,882,883,884,885,886,887,888,889,890,891,892,899,900,901,902,903,904,905,906,907,908,909,910,911,912,913,914,915,1270"
H9531_0000_ND3.JP2,80
HD884_0000_ND3.JP2,83
H2728_0000_ND3.JP2,"837,838,839,840,841,842,843,844,1268"
H1498_0000_ND3.JP2,"3,5,6"
H1258_0001_ND3.JP2,"119,120,121,122"
H2392_0000_ND3.JP2,901
H2387_0000_ND3.JP2,"796,801,802,803,804,805,806,807,808"
HA694_0000_ND3.JP2,"823,824"
H2913_0000_ND3.JP2,18
HA742_0000_ND3.JP2,"1127,1128,1129,1130"
H4258_0000_ND3.JP2,"1172,1173,1174,1176,1181,1182,1184,1185,1186,1187,1188,1189,1190"
H2225_0000_ND3.JP2,"1236,1237"
H1887_0000_ND3.JP2,"976,977,978,979,980,981,982,984,985,986,992,993,994,995,996,997,998,999,1000,1001,1002,1003,1004,1005,1006,1007,1008,1009,1010,1011,1012,1013,1014,1015,1016,1018,1019,1274,1275,1276,1277,1278,1279,1280,1281,1282,1283,1284,1285,1286,1287,1288,1289"
H0445_0000_ND3.JP2,"736,737"
H1210_0000_ND3.JP2,"101,102,103,104"
H2279_0001_ND3.JP2,"984,985,986,992,994,998,999,1000,1001,1002,1003,1007,1008,1275,1276,1277,1278,1279,1280,1281,1282,1283,1284,1287,1288"
H4981_0000_ND3.JP2,"1106,1107,1108,1109,1298,1299"
HE966_0000_ND3.JP2,"767,769,770"
HC923_0000_ND3.JP2,"1243,1244,1245,1246,1247,1248,1249,1250,1251,1252,1253,1254,1255,1256,1257,1258,1259,1260,1261,1309"
HF760_0000_ND3.JP2,18
HE715_0000_ND3.JP2,"1127,1128"
H1902_0000_ND3.JP2,"1122,1123,1124"
H6460_0000_ND3.JP2,"762,763,764,765,766"
H1351_0001_ND3.JP2,"521,522,523,524,525,527,534,536"
H9276_0000_ND3.JP2,1130
HG814_0000_ND3.JP2,823
H8687_0000_ND3.JP2,"728,729"
HD920_0000_ND3.JP2,191
HE964_0000_ND3.JP2,"908,909"
H6395_0000_ND3.JP2,731
H4221_0000_ND3.JP2,1124
HD873_0000_ND3.JP2,18
H6463_0000_ND3.JP2,1240
HG848_0000_ND3.JP2,"1137,1138,1139,1140,1144,1145,1151"
H5371_0000_ND3.JP2,"416,417,418,440,441,442,443,444,445,446,469,470,471"
H0438_0000_ND3.JP2,787
H2460_0001_ND3.JP2,"736,738,739,740,741,742"
H7178_0000_ND3.JP2,"958,959,960,961,962,963,964,965,966,967,968,969,970,976,977,978,983,1274"
H2515_0000_ND3.JP2,744
H2527_0000_ND3.JP2,"877,878"
H2538_0000_ND3.JP2,"879,880"
H0469_0000_ND3.JP2,917
HG830_0000_ND3.JP2,"1114,1115,1116"
HE655_0001_ND3.JP2,1124
H8562_0000_ND3.JP2,899
H6411_0000_ND3.JP2,897
H2242_0000_ND3.JP2,"912,913,914"
H2539_0000_ND3.JP2,"922,923,930,931"
HG679_0000_ND3.JP2,"1129,1130"
HB453_0000_ND3.JP2,"821,822,823"
HC742_0000_ND3.JP2,915
H8734_0000_ND3.JP2,"877,878,880,881"
H1937_0000_ND3.JP2,"867,868"
H6502_0000_ND3.JP2,"1148,1149,1150,1151,1152,1153,1159,1160,1161,1162"
H2210_0000_ND3.JP2,"1140,1145"
H0293_0000_ND3.JP2,910
H1347_0000_ND3.JP2,"204,205"
H1596_0001_ND3.JP2,"204,205,206,207,208,209,210,211,212,213,214,215,216,217,218,219,220,221,222,223,224,225,226,227,228,229,230,231,232,233,234,235,236,237,238,239,240,241,242,243,244,245,246,247,248,249,250,251,252,253,254,255,256,257,258,259,260,261,262,263"
H2645_0000_ND3.JP2,910
H3305_0000_ND3.JP2,"25,26,27,28,29,30,31,32,33,34"
H4180_0000_ND3.JP2,915
H1518_0001_ND3.JP2,"119,120,121,122"
H8234_0000_ND3.JP2,81
H2430_0001_ND3.JP2,"1191,1192,1193,1194,1195"
H4231_0000_ND3.JP2,900
HB628_0000_ND3.JP2,535
HD852_0000_ND3.JP2,"53,60,61,62,63,64,68,69,70,73"
H5340_0000_ND3.JP2,"53,54,60,61,62,63,64,67,68,69"
H4108_0000_ND3.JP2,"1224,1225"
H2689_0001_ND3.JP2,"911,912,913,914,915"
H2727_0000_ND3.JP2,"1236,1237"
H2197_0001_ND3.JP2,"858,860,861"
HF638_0000_ND3.JP2,"140,141"
H1606_0000_ND3.JP2,"140,141,148"
HC792_0000_ND3.JP2,1124
H4293_0000_ND3.JP2,"893,894"
H8744_0000_ND3.JP2,"824,825,826,828,829,830,831,832,833,834,835,836"
H5339_0000_ND3.JP2,"721,722,723,724,725,726,727"
H2874_0000_ND3.JP2,191
H1241_0000_ND3.JP2,"351,352,353,354,355,356,358,359,360,361,362,363,364,365,366,367,368,369,370,371,372,373,374,375,376,381,383,384"
HD081_0000_ND3.JP2,"1126,1127,1129,1130"
H8828_0000_ND3.JP2,"905,906,907"
HD520_0000_ND3.JP2,"83,84,85,86,87,88,89,90,91,92,93,94,95,96,97,98,99,100,101,102,103,104,105,106,107,108,109,110,111,112,113,148,149,166,167,168,169,827,837,838,839,840,841,842,843,844,845,846,847,848,849,850,851,852,853,854,855,856,857,858,859,860,861,1268,1269"
H2846_0000_ND3.JP2,"606,607,608,609,610,611,612,613,614,615,617,618,619,620,621,622,623,624,625,631,632,633,634,637,638,639,648,649,650,652,653,654,655,656,657,658,659,660,661,666,667,668,669,670,671,672,673"
H1316_0000_ND3.JP2,83
HF741_0000_ND3.JP2,"272,273"
H5299_0000_ND3.JP2,"338,342,343,345,346,347,348,349,350,351,352,353,354,355,356,357,358,359,360,361,362,363,364,367,368,369"
H6424_0000_ND3.JP2,"757,758,759,760"
H0526_0000_ND3.JP2,"810,811,812,817,818,819,820"
H2257_0001_ND3.JP2,"974,976,977,978,981,998,1274"
H2220_0000_ND3.JP2,"912,913,914"
HH690_0000_ND3.JP2,193
HF120_0000_ND3.JP2,"1144,1146,1147,1148,1149,1150,1151,1152,1153,1154,1155,1156,1157,1158,1159,1160,1161,1162,1163,1164,1165,1167,1168,1169,1170"
HB445_0000_ND3.JP2,"1218,1219,1220,1221,1222"
H9582_0000_ND3.JP2,"202,203"
HD083_0000_ND3.JP2,"882,883,884,885,887"
H1932_0000_ND3.JP2,"1243,1244,1245,1246,1247,1248,1249,1250,1251,1252,1253,1254,1255,1256,1257,1258,1259,1260,1261,1309"
H1526_0000_ND3.JP2,"198,199,200"
HH388_0000_ND3.JP2,"84,85,86,87,88,89,90,91,92,93,94,95,96,97,98,99,100,101,102,103,104,105,106,107,108,109,110,111,112,113,148,149,166,167,168,169,191,862,863,864,865,866,867,868,869,870,871,872,873,874,875"
H4104_0000_ND3.JP2,"1132,1133,1134,1135,1303"
HA776_0000_ND3.JP2,"897,898"
HE188_0000_ND3.JP2,"728,729,730,731,732,733,734,735,736,737,738,739,740,741,742,743,744,745,746,747,748,749,750,751,752,753,895,896,897,898,899,900,901,902,903,904,905,906,907,908,909,910,913,914,1231,1232,1236,1237,1238,1239,1240,1241,1242,1243,1244,1245,1246,1247,1248,1249,1250,1251,1252,1253,1254,1255,1256,1257,1258,1259,1260,1261,1270,1309"
H3294_0000_ND3.JP2,"21,22,23,24,25,26,27,28"
H1238_0000_ND3.JP2,"3,5"
H2159_0001_ND3.JP2,"1226,1229,1230"
H8298_0000_ND3.JP2,"116,117,118,119,120,121,122"
H2625_0000_ND3.JP2,"757,758,759,760,761"
H5304_0000_ND3.JP2,"31,39,40,43,44,47,50,51,54,55,56,57,58,64,65,66,67"
H9262_0000_ND3.JP2,"1135,1136,1137,1138,1139,1140,1141,1142,1143,1144,1145"
H2853_0000_ND3.JP2,"297,298,299,305,306,307,308,313,314,315,316,317,318,319,320,324,325,326,327,333,334,335,336,337,338,339,340,341,342,343,344,345,346,347,348,349,350,351,352,353,354,355,356,357,358,359,360,361,362,363,364,367,368,369"
HC737_0000_ND3.JP2,"813,814"
HB609_0000_ND3.JP2,"117,119"
H4367_0000_ND3.JP2,"929,931"
HG855_0000_ND3.JP2,1140
HG186_0000_ND3.JP2,79
H0248_0000_ND3.JP2,"1034,1038,1039,1042,1043,1044,1045,1047,1048,1049,1050,1051,1052,1053"
H1216_0000_ND3.JP2,"3,4,5"
H5231_0000_ND3.JP2,"683,684,685,686,687,688,689,690,691,692,693,694,696,697,707,708"
H4456_0001_ND3.JP2,"1231,1232"
HD805_0000_ND3.JP2,"582,583"
H1437_0001_ND3.JP2,"94,95,96,97,98,99,100"
HC770_0000_ND3.JP2,"906,907"
H8534_0000_ND3.JP2,905
HD323_0000_ND3.JP2,"83,84,85,86,87,88,89,90,91,92,93,94,95,96,97,98,99,100,101,102,103,104,105,106,107,108,109,110,111,112,113,114,148,166,167,168,169"
HC932_0000_ND3.JP2,"901,902,903"
HA669_0000_ND3.JP2,"754,756,757,759"
H6409_0000_ND3.JP2,"1224,1225"
H2671_0000_ND3.JP2,"940,941,975,979,980"
HG563_0000_ND3.JP2,"1146,1147,1148,1149,1150,1151,1152,1153,1154,1155,1156,1157,1158,1159,1160,1161,1162,1163,1164,1165,1168"
H7489_0000_ND3.JP2,"260,264,265,266,267,268,269,270,271,272,273,274,275,276,277,281,282,283"
HD780_0000_ND3.JP2,"206,207,208,209,210,211,212,213,214,215,216,217,218,219,220,221,222,223,224,225,226,227,228,229,230,231,232,233,234,235,236,237"
H1412_0001_ND3.JP2,"125,133,134,135,136,137,138,139,140,141,142,143,144,145,146,147,148,149,150,151,152,153,154,155,156,158,159"
HF780_0009_ND3.JP2,"542,547,548,549,550,551,552,554,555"
H1910_0000_ND3.JP2,"1243,1244,1245,1246,1249,1250,1252"
H4612_0000_ND3.JP2,904
H1301_0000_ND3.JP2,"35,36,37,48,49,53"
HG458_0000_ND3.JP2,932
H2543_0000_ND3.JP2,"1100,1101,1102,1103,1104,1105,1106"
H6486_0000_ND3.JP2,882
H5329_0000_ND3.JP2,7
H1607_0009_ND3.JP2,"204,212,213,214,215,216,217,218,219,220,221,222,223,224,225,226,227,228,229,230,231,232,233,234,235,236,237,238,239,240,241,242,243,244,246,247,248,249,250,251,252,253,254,255,256,257,258,259,260,261,262,263,264,265,266,267,268,269,270,271,272,273,275"
H2475_0000_ND3.JP2,"809,1266,1267"
H2880_0000_ND3.JP2,"7,8,9,10,11,12,14,15,16,17,18,21,22,23,24,25"
HE815_0000_ND3.JP2,1268
HG795_0000_ND3.JP2,1125
H5310_0000_ND3.JP2,"559,560,561,562,563,564,565,566,567,568,569,570,571,573,575,576,577,578,579,580,581,584,585,587,588"
H3249_0000_ND3.JP2,"673,674,675,676,681,682"
H2345_0000_ND3.JP2,"1013,1014,1015,1289"
H8676_0000_ND3.JP2,"1171,1172,1173,1174,1175,1176,1177,1178,1179,1180,1181,1182,1183,1184,1185,1186,1187,1188,1189,1190"
H5306_0000_ND3.JP2,"202,203,204,205,209"
HG760_0000_ND3.JP2,"1132,1133,1134,1135,1136,1137,1138,1139,1143,1303"
H5288_0000_ND3.JP2,"201,202,203"
H1572_0000_ND3.JP2,"53,54,55,56,57,58,59,60,61,62,63,64,65,66,67,68,69,70,73"
H5527_0000_ND3.JP2,"19,20"
H0394_0000_ND3.JP2,"771,772,773,774,775,776,777,778,779"
HF759_0000_ND3.JP2,"626,627,628,635,636,637,638,641,642,643,644,645,646,647,648,649,650,652"
H1622_0000_ND3.JP2,"525,526,527,528,529,530,531,532,533,534,536,537,538,539,540,541,542,543,544,545,546,547,548,549,550,551,552,553,554,555,557,558"
H2494_0000_ND3.JP2,876
HD380_0000_ND3.JP2,"123,124,125,126,127,128,129,130,131,132,133,134,135,136,137,138,139,140,141,142,143,144,145,146,147,148,149,150,151,152,153,154,155,156,157,158,159,160,161,162,163,164,165,166,167,168,169,170,171,172,173,174,175,176,177,178,179,180,181,182,183,184,185,186,187,188,189,190,191,192,193,194,195,196,197,198,199,200,899,900"
HF671_0000_ND3.JP2,"612,613,614,615,616,617,618,619,620,621,622,623,624,625,626,627,628,629,631,632,633,634,640"
H8531_0000_ND3.JP2,"981,983,984,985,986,987,988,989,990,991,992,993,994,995,996,997,998,999,1000,1001,1004,1005,1275,1276,1277,1278,1279,1280,1281,1282,1287"
H3344_0000_ND3.JP2,"488,490,491,494,497,498,499,500,501,502,503,504,505,506,507,508,509,510,511,512,513,514,515,516,517,518"
H1528_0000_ND3.JP2,"21,22,23,24,25,26,27,28,29,30,31,32,33,34,38,39,40"
H0280_0001_ND3.JP2,910
H2449_0000_ND3.JP2,737
H0411_0000_ND3.JP2,"1122,1123"
H1909_0000_ND3.JP2,"978,983,987,988,989,990,991,1004,1005,1274,1285,1286"
HF774_0000_ND3.JP2,7
H2732_0000_ND3.JP2,864
H2334_0000_ND3.JP2,"1013,1015,1289"
H2228_0001_ND3.JP2,1121
H5173_0000_ND3.JP2,"291,292,293,294,295,296"
H8289_0000_ND3.JP2,"641,642,643,644,651,652,653,654,655,656,657,658,659,660,661,662,663,664,665,666,667,668,669,670,671,672,673,674,675,676,677,681,682"
HC775_0000_ND3.JP2,"1238,1239,1240,1241,1242"
H4467_0000_ND3.JP2,"1231,1232"
H2411_0000_ND3.JP2,"1056,1059,1060,1061,1062,1065,1069"
H2686_0000_ND3.JP2,"1121,1122,1123"
HF673_0000_ND3.JP2,"116,117,118"
H2908_0000_ND3.JP2,"338,342,343,344,345,346,347,348,349,350,351,352,353,354,355,356,357,358,359,360,361,362,363,364,365,366,367,368,369,370,371,372,373,374,375,376,377,378,379,380,381,382,383,384,385,386,387,388,389,390,391,392,393,394,395,396,397,398,399,400,401,402,403,404,405,406,407,408,409,410,411,412,413,414,415,416,417,418,419,420,421,422,423,424,425,426,427,428,429,430,431,432,433,436,438,444,445,446"
H9249_0000_ND3.JP2,806
HF637_0000_ND3.JP2,73
H5383_0000_ND3.JP2,"7,8,9,10"
H8273_0000_ND3.JP2,"102,103,105"
H2662_0001_ND3.JP2,"824,827,828,829,830,831,832,833,834,835,836"
H2866_0000_ND3.JP2,"98,99,100,101,102,103,104,105,106,107,108,109"
H2247_0000_ND3.JP2,"1236,1237"
H6419_0000_ND3.JP2,"1059,1060,1061,1062,1065,1066,1067,1068,1069,1070,1076,1077,1078,1079,1080"
H0456_0000_ND3.JP2,"733,734"
H3333_0000_ND3.JP2,"480,486,487,488,489,490,491,492,493,494,495,496,497,501,503,504,505,506,507,508,509,510,511,512,514"
H0451_0000_ND3.JP2,"1018,1020,1021,1022,1023,1026,1027,1031,1032,1033,1034,1035,1036,1037,1038,1039,1040,1041,1042,1043,1044,1045,1046,1047,1048,1049,1050,1051,1052,1053,1054,1055,1290,1291"
H2540_0000_ND3.JP2,"1205,1206,1207,1211,1212,1213,1214,1215,1216,1217"
HF943_0000_ND3.JP2,18
H5342_0000_ND3.JP2,"206,212,213,214,215,216,217,218,219,220,221,222,223,224,225,226,227,228,229,230,231,232,233,234,235,236,237"
HC727_0000_ND3.JP2,"866,867,868,872"
H1587_0009_ND3.JP2,83
HD816_0000_ND3.JP2,"1,2"
H5473_0000_ND3.JP2,"15,17"
H7507_0000_ND3.JP2,"372,377,378,379,380,385,386,387,388,389,390,395,400,401,402,403,404,405,406,407,408,409,410,411,412,413,414"
H4385_0001_ND3.JP2,"908,909"
HD863_0000_ND3.JP2,"94,95,96,97,100"
H8296_0000_ND3.JP2,"630,635,636,641,642,643,644"
HG867_0000_ND3.JP2,"849,850,851,852,853"
H2596_0001_ND3.JP2,"821,822,823,824"
HG151_0000_ND3.JP2,83
H1545_0000_ND3.JP2,"441,449,450,451,452,453,454,455,456,457,458,459,460,463,464,465,466,467,468,471,472,473,474,475,476,477,478,479,480,481,482,483,484,485,486,487,488,489,490,491,492,493,494,495,496,497,499,500,501,503,504,505,506,507,508,509,510,511,512,514,518"
H8486_0000_ND3.JP2,"1203,1204,1208,1306,1307"
H2587_0001_ND3.JP2,"1111,1112,1113,1116"
H4199_0000_ND3.JP2,1124
H4360_0000_ND3.JP2,"1104,1105,1106"
HC855_0000_ND3.JP2,"7,8,9,10,11,12,14,15,16,17,18,19,20,21,22,23,24,25,26,27,28,29,30,31,32,33,34,35,36,37,38,39,40,41,42,43,44,45,46,47,48,49,50,51,52,53,54,55,56,57,58,60,61,62,63,64,65,66,67,68,69,70,71,72,73,74,75,76,77,78,79,80,81,82,194,195,196,197,198,199,200"
H2701_0000_ND3.JP2,"1132,1133,1134,1135,1136,1137,1138,1139,1140,1141,1142,1143,1144,1145,1146,1147,1148,1149,1150,1151,1152,1153,1154,1155,1156,1157,1158,1159,1160,1161,1162,1163,1164,1165,1166,1303"
H2493_0000_ND3.JP2,"741,742,743,744"
H0497_0000_ND3.JP2,"849,850,851,852,853,854"
H7382_0000_ND3.JP2,"309,310,311,312,321"
H5405_0000_ND3.JP2,81
HA714_0000_ND3.JP2,"1178,1179,1180,1181,1182,1183,1187,1188,1189,1190"
H1272_0000_ND3.JP2,81
H9269_0000_ND3.JP2,"1131,1140"
HG491_0000_ND3.JP2,"728,729,1104,1105,1106,1107,1108,1109,1110,1111,1112,1113,1114,1115,1116,1117,1118,1119,1120,1121,1122,1123,1124,1125,1126,1127,1128,1129,1130,1131,1132,1133,1134,1135,1136,1137,1138,1139,1140,1141,1142,1143,1144,1145,1146,1147,1148,1149,1150,1151,1152,1153,1154,1155,1156,1157,1158,1159,1160,1161,1162,1163,1164,1165,1166,1167,1168,1169,1170,1171,1172,1173,1174,1175,1176,1177,1178,1179,1180,1181,1182,1183,1184,1185,1186,1187,1188,1189,1190,1191,1192,1193,1194,1195,1196,1197,1198,1199,1200,1201,1202,1209,1210,1211,1219,1220,1221,1222,1223,1224,1226,1227,1228,1229,1230,1231,1232,1233,1234,1235,1236,1237,1238,1239,1240,1241,1242,1256,1257,1260,1298,1299,1300,1301,1302,1303,1308"
H3316_0001_ND3.JP2,"30,31,32,33,38,39,40,41,42,43,47,51"
H0022_0000_ND3.JP2,"1049,1054,1056,1057,1058,1059,1060,1061,1062,1063,1064,1065,1066,1067,1069,1070"
H8573_0000_ND3.JP2,"918,919,920,921"
H4330_0000_ND3.JP2,"906,907"
HG961_0000_ND3.JP2,"1,2,3,4,5,6,114,115,116,117,118,119,120,121,122,123,135,136,137,138,139,140,141,142,143,144,145,146,147,148,149,150,151,152,153,154,155,156,157,158,159,160,161,162,163,164,165,166,167,168,169,170,171,172,173,176,177,178,179,180,181,182,183,184,185,186,187,188,189,190,191,712,715,716,717,718,719,720,721,722,723,724,725,726,727"
H8542_0000_ND3.JP2,1126
HE270_0000_ND3.JP2,"744,767,771,773,779,782,787,788,789,790,791,792,793,794,795,796,797,798,799,800,801,802,803,804,805,806,807,808,809,815,816,828,829,830,831,832,833,834,835,836,1081,1082,1083,1084,1089,1090,1091,1092,1093,1094,1095,1096,1097,1098,1099,1100,1101,1102,1103,1104,1105,1106,1107,1108,1109,1110,1111,1112,1113,1114,1115,1116,1117,1118,1119,1120,1121,1122,1123,1124,1125,1126,1127,1128,1129,1130,1131,1137,1138,1139,1140,1144,1145,1148,1149,1150,1151,1152,1154,1155,1156,1160,1161,1162,1166,1231,1232,1262,1264,1265,1266,1267,1295,1296,1297,1298,1299,1300,1301,1302"
H1428_0000_ND3.JP2,"601,602,605,606,607,608,609,610,611,612,613,614,615,616,617,618,619,620,621,623,624,625"
HG792_0000_ND3.JP2,"1227,1233,1234,1235,1308"
H4087_0000_ND3.JP2,827
HE797_0000_ND3.JP2,"762,763,764,765,766"
HE877_0000_ND3.JP2,1131
H5358_0000_ND3.JP2,"70,73"
HG193_0000_ND3.JP2,74
HC823_0000_ND3.JP2,"912,913,914"
HG559_0000_ND3.JP2,"1100,1101,1102,1104,1105,1106"
H7482_0000_ND3.JP2,"351,352,353,359,360,364,365,366,370,371,372,373,374,375,377,378,387,388"
HG892_0000_ND3.JP2,"877,878"
H0449_0000_ND3.JP2,"796,801,802,803,804,805,806,807,808"
HG591_0000_ND3.JP2,"837,838,839,840,841,842,843,844,845,846,847,848,849,850,851,852,853,854,855,856,857,858,859,860,861,1268,1269"
HA657_0000_ND3.JP2,"1002,1006,1007,1008,1013,1019,1283,1284,1285,1286,1287,1288"
H1440_0000_ND3.JP2,"7,10"
H0558_0000_ND3.JP2,"1214,1215,1216,1217,1218"
HG871_0000_ND3.JP2,"883,884"
HE241_0000_ND3.JP2,"730,732,733,734,735,736,737,738,739,740,741,742,743,744,745,746,747,748,749,750,751,752,753,754,755,756,757,758,759,760,761,762,763,764,765,766,767,768,769,770,771,772,773,774,775,776,777,778,779,780,781,782,783,784,785,786,787,788,789,790,791,792,793,794,795,796,797,798,799,800,801,802,803,804,805,806,807,808,904,905,906,907,908,909,910,911,912,913,914,915,916,917,918,919,920,921,922,923,924,925,926,927,928,929,930,931,1262,1263,1264,1265,1266,1267"
H7128_0000_ND3.JP2,"941,942,943,944,945,946,947,948,949,950,951,952,953,954,956,957,958,959,960,961,962,963,964,965,966,967,968,969,970,971,972,973,974,1271,1272,1273"
HE825_0000_ND3.JP2,"736,737"
H0430_0000_ND3.JP2,"1243,1244,1246"
HG960_0000_ND3.JP2,"7,8,9,10,11,12,14,15,16,17,18,19,20,21,22,23,24,25,26,27,28,29,30,31,32,33,34,35,36,37,38,39,40,41,42,43,44,45,46,47,48,49,50,51,52,53,54,55,56,57,58,59,60,61,62,63,64,65,66,67,68,69,70,71,72,73,74,75,76,77,78,79,198,199,200"
HF672_0000_ND3.JP2,7
HG486_0000_ND3.JP2,"80,81,82,83,862,863,864,865,866,867,868,869,870,871,872,873,874,875,876,877,878,879,880,881,882,883,884,885,886,887,888,889,890,891,892,900,901,902,903,904,905,906,907,908,909,910,911,912,913,914,915,917,1270"
H6510_0000_ND3.JP2,"757,758,759"
H2677_0000_ND3.JP2,"858,859,860,861"
HG820_0000_ND3.JP2,"1209,1210"
H7416_0000_ND3.JP2,84
H8283_0000_ND3.JP2,"35,36,37,48,49,52,53"
H0479_0000_ND3.JP2,"869,870,871,872,873,874,875"
H4223_0000_ND3.JP2,866
H3311_0000_ND3.JP2,"438,441,447,448,449,450,451,452,453,454,455,456,457,458,459,460,461,462,463,464,465,466,467,468,469,470,471,472,473,474,475,476,477,478,479,482,491"
H4667_0000_ND3.JP2,"905,906,907"
H8714_0000_ND3.JP2,"946,971,972,973,974,975,976,977,978,979,980,981,982,984,985,986,992,993,994,995,996,997,998,999,1000,1004,1005,1274,1275,1276,1277,1278,1280"
H5400_0000_ND3.JP2,"616,626,627,628,630,635,636"
H0416_0000_ND3.JP2,"780,781,782,787,1264,1265"
H2372_0001_ND3.JP2,"736,737"
HD785_0000_ND3.JP2,18
H0506_0000_ND3.JP2,"1059,1060,1061,1062,1065,1066,1067,1068,1069,1070,1071,1072,1073,1074,1075,1076,1077,1078,1079,1080,1081,1082,1083,1084,1085,1086,1087,1088,1089,1090,1091,1092,1093,1094,1292,1293,1294,1295"
H6700_0000_ND3.JP2,864
HE425_0000_ND3.JP2,"201,202,203,204,205,206,207,208,209,210,211,212,213,214,215,216,217,218,219,220,221,222,223,224,225,226,227,228,229,230,231,232,233,234,235,236,237,238,239,240,241,242,243,244,245,246,247,248,249,250,251,252,253,254,255,256,257,258,259,260,261,262,263,264,265,266,267,268,269,270,271,272,273,274,275,276,277,278,280,281,282,283,736,737,744,773,1122,1123,1124,1125,1126,1127,1128,1129,1130,1131,1132,1133,1134,1135,1136,1137,1138,1139,1140,1141,1142,1143,1144,1145,1146,1147,1148,1149,1150,1151,1152,1153,1154,1155,1156,1157,1158,1159,1160,1161,1162,1163,1164,1165,1166,1167,1168,1169,1170,1171,1172,1173,1174,1175,1176,1177,1178,1179,1180,1181,1182,1183,1184,1185,1186,1187,1188,1189,1190,1191,1192,1193,1194,1195,1196,1197,1198,1199,1200,1201,1202,1209,1210,1211,1226,1227,1228,1229,1230,1231,1232,1236,1237,1264,1265,1303"
H5265_0000_ND3.JP2,"108,109,110,111,112,113"
H1180_0000_ND3.JP2,"7,8,9,10,11,12,14"
HA629_0000_ND3.JP2,"1110,1111,1112,1113"
H1429_0000_ND3.JP2,7
H2530_0001_ND3.JP2,"810,811,812,813,814"
H0427_0000_ND3.JP2,"787,788,789,790,791,794,796,797,798,799,1264,1265"
H2224_0000_ND3.JP2,"941,944,945,946,947,948,949,950,951,952,953,954,956,957,962,963,971,972,973,974,975,980,1271,1272,1273"
HF855_0000_ND3.JP2,18
H8721_0000_ND3.JP2,"936,937,938,939,940,941,944,945,946,947,948,949,950,951,952,953,954,956,957,971,972,973,974,975,980,1271,1272,1273"
HE782_0000_ND3.JP2,"1135,1136,1141,1142,1143,1144"
H3272_0000_ND3.JP2,"16,17,18"
H6544_0000_ND3.JP2,"922,923"
H2529_0000_ND3.JP2,"1209,1210,1211"
H2356_0002_ND3.JP2,"1018,1019,1021,1022,1023,1024,1026,1031,1032,1033,1034,1035,1036,1037,1038,1039,1043,1044,1045,1046,1047,1048,1049,1050,1051,1052,1053,1054,1055,1290,1291"
H4579_0001_ND3.JP2,"900,901,902,903,1270"
H2609_0000_ND3.JP2,"1106,1107,1108,1109,1110,1111,1112,1113,1114,1115,1116,1117,1118,1298,1299,1300,1301,1302"
HB592_0000_ND3.JP2,"194,195,196,197"
HE818_0000_ND3.JP2,743
H0010_0000_ND3.JP2,"1106,1107,1108,1109,1110,1111,1112,1113,1298,1299"
HG472_0000_ND3.JP2,"53,59,68,69,70,71,72,73,74,75,76,77,78,79,80,81,82,83,866,867,868,869,870,871,872,873,874,875,876,877,878,879,880,881,882,883,884,885,886,887,888,889,890,891,899,900,901,902,903,904,905,906,907,908,909,910,911,912,913,914,915,917,1270"
H7480_0000_ND3.JP2,79
HD185_0000_ND3.JP2,"7,8,9,10,11,12,13,14,15,16,17,18,19,20,21,22,23,24,25,26,27,28,29,30,31,32,33,34,35,36,37,38,39,40,41,42,43,44,45,46,47,48,49,50,51,52,53,54,55,56,57,58,59,60,61,62,63,64,65,66,67,68,69,70,71,72,73,74,75,76,77,78,79,80,81,82,201,202,203,204,205,206,207,208,209,210,211,212,213,214,215,216,217,218,219,220,221,222,223,224,225,226,227,228,229,230,231,232,233,234,235,236,237,238,239,240,241,242,243,244,245,246,247,248,249,250,251,252,253,254,255,256,257,258,259,260,261,262,263,264,265,266,267,268,269,270,271,272,273,274,275,276,277,278,279,280,281,282,283,284,285,286,287,288,289,290,291,297,298,299,306,307"
HC733_0009_ND3.JP2,730
HF806_0000_ND3.JP2,79
H1632_0000_ND3.JP2,193
H2746_0000_ND3.JP2,"780,781,782,787,788,789,790,791,792,793,794,795,796,797,798,799,800,801,802,803,804,805,806,807,808,1263,1264,1265"
H5378_0000_ND3.JP2,"240,241,244,245,246,247,248,249,250,251,252,253,254,255,256,257,258,259,260,261,262"
H4313_0000_ND3.JP2,"1203,1204,1205,1206,1207,1208,1304,1305,1306,1307"
H2431_0000_ND3.JP2,"801,802,804,805"
HB702_0000_ND3.JP2,"556,560"
HD806_0000_ND3.JP2,7
H7529_0000_ND3.JP2,"1,2"
H5449_0000_ND3.JP2,"135,136,137,138,139,140,141,144,145,148,149"
HG772_0000_ND3.JP2,"849,854"
H7519_0000_ND3.JP2,"15,16,17,19,20"
H0155_0000_ND3.JP2,"738,739,740"
H2192_0009_ND3.JP2,"683,684,685,686,687,688,689,691,692,693,694,695,696,697,698,699,700,701,702,703,704,705,706,707,708,709,710,711,712,713,714,715,716,717,718,719,720,721"
HG174_0000_ND3.JP2,"431,434,435,436,437,438,439,440,441,442,443,444,445,446,447,448,449,450,451,452,453,454,455,456,457,458,459,460,461,462,463,464,465,466,467,468,469,470,471,472,473,474,475,476,477,478,479,480,481,482,483,484,485,486,487,488,489,490,491,492,493,494,495,496,497,498,499,500,501,502,503,504,505,506,507,508,509,510,511,512,513,514,515,516,517,518"
H6675_0000_ND3.JP2,864
H4396_0000_ND3.JP2,"908,909,910"
HC665_0009_ND3.JP2,"1106,1107,1108,1109,1110,1298,1299"
H8653_0000_ND3.JP2,"873,874,875"
HD670_0000_ND3.JP2,"171,174,175,176,177,178,180,181,184,185,186,187,189,190"
HB709_0000_ND3.JP2,"498,501,502,515,516,517,519,520,521,522,523"
H6564_0000_ND3.JP2,1268
